paragraph_num,text,care.virtue,care.vice,fairness.virtue,fairness.vice,loyalty.virtue,loyalty.vice,authority.virtue,authority.vice,sanctity.virtue,sanctity.vice,dominant_moral_lexicon,dominant_score_lexicon
1,"೧. ಮುತುಗದ ಎಲೆ ಗೋತಾಯಿ
ಒಂದ್‌ ಪಟ್ಟಣ. ಒಬ್ಬ ದೊಡ್ಡ ದೊರೆ. ದೊಡ್ಡ ದೊರೆಗೆ ಏಳ್‌ ಮಕ್ಕಳು.
ಏಳ್‌ ಮಕ್ಕಳಿಗೂ ಚೆನ್ನಾಗಿ ಓದ್ದಿ, ಓದ್‌ ಬಂದೋರ್‌ಗೆ ಹಾಲು ತುಪ್ಪ ಅನ್ನ ಹಾಕಿ
ಮಂಚದ ಕೂಡ್ರಿಸಿ ಚೆನ್ನಾಗಿ ಸಾಕೋರು. ಏಳು ಮಕ್ಕಳೂವೆ ಹೆಣ್‌ ಮಕ್ಕಳೇ
...",0.0,0.0044444444444444444,0.0,0.0,0.0,0.0,0.008888888888888889,0.0,0.0044444444444444444,0.0,authority.virtue,2
2,"ಜನಪದ ಕಥೆಗಳು
ಮದುವೆ ಅಂತ. ನಿನಗ್‌ ಹಣ ಬೇಕೊ ಅಷ್ಟು ತಗೊಂಡೋಗಿ
ತರಹದವರನ್ನೇ ಹುಡ್ಕೊಂಡು ಬರಬೇಕು ಮಂತ್ರಿಗೆ ಹೇಳಿದ. ಮಂತ್ರಿ ಹೊರಟ.
"""" ದೊರೆತನಕ್ಕೇನು ಕಮ್ಮಿ, ಬಡತನವ 9''. ಹಣ ಇಟ್ಕೊಂಡು ಆರ್‌ ಗಂಡು ಮಕ್ಕಳು
ಯಾರ್‌ ಮನೇಲಿ ಅವರೆ ಹುಡ್ಕೊಂಡ್‌...",0.003952569169960474,0.0,0.0,0.0,0.003952569169960474,0.0,0.007905138339920948,0.0,0.003952569169960474,0.0,authority.virtue,2
3,"ಮುತುಗದ ಎಲೆ ಗೋತಾಯಿ 3
ತಾಳೆ ಮ್ರಾತೆ ಕುಯ್ಯೊಂಡ್‌ ಬರಬೇಕು. ಅಂತವರ್ಲೂ ಮುಟ್ಟೋಹಂಗಿಲ್ಲ ಅದನ್ನ.
ತೋಟ ಕಾಯೋ ಆಳ್‌ಗಳ ಹೆಂಡ್ತಿರು ಒಬ್ಬರಿಗೊಬ್ಬರು ಹಂಗಂತ ಮಾತಾಡಕೊಂತ
“ಅಯ್ಯೋ ಅಕ್ಕ ಬನ್ನಿರಕ್ಕ ನಮ್‌ ಯಜಮಾನ್ರಿಗೆ ಅಡಿಗೆ ಮಾಡ್ಬೇಕು ಹೊತ್ತಾಯ್ತು...",0.00819672131147541,0.0,0.0,0.0,0.0,0.0,0.0,0.0,0.004098360655737705,0.00819672131147541,care.virtue,2
4,"4 ಜನಪದ ಕಥೆಗಳು
ತಗೊಂಡೋಗ್ತಾ ಇದೀಯ, ಇದ್ಯಾವ ಬಗೇಲಿ ನೀನ್‌ ಮಾರ್ತೀಯ ಕೇಳಿದ ರಾಜ.
ಸ್ವಾಮಿ ನನಗ್‌ ಗೊತ್ತಿಲ್ಲ ಅಂದ ಮಂತ್ರಿ. ನೋಡಯ್ಯ ತಾಳೆಗರಿಯಲ್ಲಿ ಅಕ್ಷರ ಇದೆ.
ತಾಳೆಗರಿನ ದಿನಕ್ಕೊಂದರಂತೆ ನೆಲ, ಮನೆ ಸಾರಿಸಿ ಮಡಿ ಉಟ್ಕೊಂಡು ಏಳ್‌ ರಾತ್ರಿ
ಓ...",0.004329004329004329,0.0,0.0,0.0,0.0,0.0,0.004329004329004329,0.0,0.0,0.0,care.virtue,1
5,"ಮುತುಗದ ಎಲೆ ಗೋತಾಯಿ
ಪರಮಾತ್ಮ ಕೊಟ್ಟವ್ನೆ ಅಂತ, ಅಡವಿಗೆ ಹೋಗ್ಬಿಟ್ಟಳು. ಹೋಗಿ ನೀರ್‌
ತೊಗೊಂಡು, ಕೈಕಾಲು ತೊಳೆದು, ಬಾಗಿಲು ಸಾರಿಸಿ, ಚಂಬಲ್ಲಿ ನೀರ್‌ ಹಿಡ್ಕೊಂಡ್‌
ನಿಂತಿದ್ಭು. ರಾಜನ ಮಗ ಇದ್ದನಲ್ಲ ಕುದುರೆ ಹತ್ಕೊಂಡ್‌ ಬಂದ್‌ಬಿಟ್ಟ. ರಾಜನ
ಮಗ...",0.01646090534979424,0.00411522633744856,0.0,0.0,0.0,0.0,0.01646090534979424,0.0,0.00411522633744856,0.0,care.virtue,4
6,"6 ಜನಪದ ಕಥೆಗಳು
ಮುತುಗದ ಎಲೆ ಗುಡ್ಡಲಿ ಕೂಡಿಹಾಕಿ ಬಂದೆ ಅಂದ. ಅಯ್ಯಾ ಅಲ್ಲೆಯಾದರು
ಹೇಳ್‌ಬ್ಯಾಡವೇನಪ್ಪ) ಆಸೆ ಆದರೂ ಕಳಕೊಳ್ಳುವೆ ಹೇಳಿದಳು. ಮನೇಲಿ
ಯಾರುಗೂ ಹೇಳೋದ್‌ ಬ್ಯಾಡ ಅಂದ ಮಂತ್ರಿ. ಬಂದರೆ ಅಷ್ಟೊತ್ತಿಗೆ ಕಷ್ಟ ಸುಖ
ನೋಡೋರಿಲ್ಲದೆ ಮಂಚದ ಕ...",0.008658008658008658,0.004329004329004329,0.0,0.0,0.004329004329004329,0.0,0.012987012987012988,0.0,0.0,0.0,authority.virtue,3
7,"ಮುತುಗದ ಎಲೆ ಗೋತಾಯಿ 7
ಹಾಕು ಅಜ್ಜಿ ಕೈಲಿ ಕೊಟ್ಟು ಕಳಿಸಿದರು. ಆವಾಗ ಅಜ್ಜಿ ಮಂಕ್ರಿಗೆ ಹಾಕ್ಕೊಂಡು
ಕಿರಿಮಗಳು ಇರೊ ಕಡೆಗೆ ಹೊರಟಳು. ಕಾಡಾದ್ದರಿಂದ ಅಲ್ಲಿ ಜಾತ್ರೆ ಯಾರು
ಇರ್ಲಿಲ್ಲ. ಆವಾಗ ಹುಡ್ಗಿ ಅಜ್ಜಿ ಬಾರಜ್ಜಿ ಕರೆದು ನಮ್ಮನೆಗೆ ಬಾ ಊಟ
ಕೊಡ...",0.008298755186721992,0.004149377593360996,0.0,0.0,0.0,0.0,0.004149377593360996,0.0,0.004149377593360996,0.004149377593360996,care.virtue,2
8,"8 ಜನಪದ ಕಥೆಗಳು
ಮೈತಲೆಗೆಲ್ಲ ನೇಪಹಾಕ್ತು. ಅಗಿದು ಹಚ್ಚೋವಾಗ ಹೆಚ್ಚಾಗಿದ್ದ ಔಷಧ ಮರದ ಕೆಳಗೆ
ಮಲಗಿದ್ದಳಲ್ಲ ಅವಳ ಬೀಳ್ತಾ ಇರ್ರದೆ. ಅವಳು ಅದನ್ನೆಲ್ಲ ಆಯ್ಯೊಂಡು
ಸೆರಗ್‌ಗೆ ಕಟ್ಕೊಂಡು, ಬೀದಿ ಬೀದಿ ರಾಜನಾಗಿದ್ದ ಗಂಡನ ಪಟ್ಟಣಕ್ಕೇ ಬರಾಳೆ.
ರಾಜನ ಮ...",0.004016064257028112,0.004016064257028112,0.0,0.0,0.0,0.0,0.008032128514056224,0.0,0.012048192771084338,0.004016064257028112,sanctity.virtue,3
9,"ಮುತುಗದ ಎಲೆ ಗೋತಾಯಿ 9
ಮಗ ಕಂಬಕ್ಕೆ ಕುದುರೆ ಕಟ್ಟುಕಿ, ಹಾಲ್‌ಬಾವಿಗೋಗಿ ಹಾಲ್‌ಕುಡಿದು,
ನೀರ್‌ಬಾವಿಗೋಗಿ ಕೈಕಾಲು ತೊಳೆದುಕೊಂಡು ಸೀದ ಮನೆಗೆ ಬರ್ತಾನೆ. ಅವಳು ಒಂದ್‌
ಚಂಬ್ನಲ್ಲಿ ನೀರಿಡ್ಕೊಂಡು ನಿಂತಿರ್ತಾಳೆ. ಇವನು ಸೀದಾ ಒಳಗಡೆ ಹೋಗ್ತಾನೆ. ಅವ...",0.011111111111111112,0.0,0.0,0.0,0.0,0.0,0.016666666666666666,0.0,0.005555555555555556,0.0,authority.virtue,3
10,"10 ಜನಪದ ಕಥೆಗಳು
ಯಾವುದಾದ್ರೂ ಧರ್ಮಾತ್ಮ ನಾವ್‌ ಮಕ್ಕಳ ಫಲ ಪಡೀಬೇಕು ಕಣ್ರೀ''
ಆಯಮ್ಮ ಕೇಳಿಕೊಂಡ್ಳು. ಇದಕ್ಕೆ ಧರ್ಮಾತ್ಮ ಪಡೀಬೇಕೊ ರಾಜ
ಕೇಳಿದ. """"ಈ ಚುಂಚನಗಿರಿ ಮಠದೊಳಗೆ ಆಳುದ್ದ ದೊಡ್ಡದಾಗಿರೋ ಕೆರೆ
ಕಟ್ಟಿಸಿಬಿಡಾನ. ಕೆರೆ ಕಟ್ಟಿಸ್ಟಿಟ್ಟು ಸ...",0.004524886877828055,0.0,0.0,0.0,0.0,0.0,0.004524886877828055,0.0,0.013574660633484163,0.0,sanctity.virtue,3
11,"ಏಡಿಕುಮಾರನ ಕಥೆ 11
ಕೊಟ್ಟು ಮುಂದಕ್ಕೆ ಸಂತಾನ ಬೆಳಸಲಪ್ಪ'' ದೊರೆ ಹೆಂಡ್ತಿ ಸುಖ
ಸಂತೋಷದೊಳಗಿರ್ರಾಳೆ.
ಇರಬೇಕಾದ್ರೆ, ಆಯಮ್ಮನಿಗೆ ನವನಾರ ಒಂಬತ್ತು ತಿಂಗಳು ತುಂಬಿ ಹೆರಿಗೆ ಆಗುತ್ತೆ.
ಹೆರಿಗೆ ಆದಾಗ ಏಡಿಗಾಯಿ ಜನನವಾಗುತ್ತೆ. ಏಡಿಗಾಯಿ ಜನನವಾದಾಗ ...",0.0,0.0,0.0,0.0,0.0,0.0,0.004694835680751174,0.0,0.004694835680751174,0.004694835680751174,authority.virtue,1
12,"12 ಜನಪದ ಕಥೆಗಳು
ಹೇಳಿದ್ರು. ಏಡಿಗೆ ಮನಸ್ಸಿಗೆ ನಾಟಿಕೊಂಡ್ಬಿಟ್ತು. """"ಅಯ್ಯೋ ಇರ್ಲಿ, ನಮ್ಮಪ್ಪಂಗೆ
ಏನ್‌ ಕಮ್ಮಿಇರೋದು, ಹೇಳಾನ ಎಲ್ಲಾರೂ ಹೆಣ್‌ನೋಡಿ ಲಗ್ನ ಮಾಡಿಸಿ
ಅಂತ.'' ಏಡಿರಾಜ ಮನಸ್ಸಿಗೆ ತೊಗೊಂಡು, ಸಾಯಂಕಾಲ ಊಟ ತೊಗೊಂಡ್‌
ಬರೋದರೊಳಗಾಗಿ ...",0.04032258064516129,0.0,0.0,0.0,0.0,0.0,0.008064516129032258,0.0,0.008064516129032258,0.004032258064516129,care.virtue,10
13,"ಏಡಿಕುಮಾರನ ಕಥೆ 13
ಮೊರ ಹೊನ್ನು ತುಂಬ್ಯೊಂಡು ಬಂದಿದಾನೆ, ಮಾರ್ಮೀರ ಅಂತ. ಹೊನ್ನು ಈಸ್ಕೊಂಬಿಟ್ಟು
ಮಗಾ ಕಳಿಸಿಬಿಡ್ರಿ'' ಅಂತಾ ಆಯಮ್ಮ ಕಿರೇಹೆಂಡ್ತಿ ಹೇಳಿದ್ಳು. ಹೇಳಿದಾಗ """" ಆಯ್ತು
ಕಣೇ ಅದೂ ಒಳ್ಳೇದೇ. ಬೆಳಿಗ್ಗೆ ಎದ್ರೆ ನಮಗೆ ತಿನ್ನಾಕೆ ಅನ್ನ...",0.01568627450980392,0.0,0.0,0.0,0.0,0.0,0.00784313725490196,0.0,0.00392156862745098,0.0,care.virtue,4
14,"14 ಜನಪದ ಕಥೆಗಳು
ಅಣೇಬರಹ, ಹೋಯ್ತು. ನಿಮ್ಮಪ್ಪಂಗೆ ಏನಯ್ಯಾ. ಕಮ್ಮಿ ಆಗಿರೋದು ೪
ಇನ್ನೊಂದು ಹೆಣ್ಣು ತೊಗೊಬಂದು ಮದುವೆ ಮಾಡು ಹೇಳಯ್ಯ'' ಅಂದ್ರು. ಸರಿ,
ಇನ್ನ ದಿವಸಕ್ಕೆ ಲ್ಲ, “ಅಯ್ಯಾ ಆಳೇ ಊಟ ನೀನ್ಯಾಕಯ್ಯ ತಗೊಂಡ್ಬಂದೆ )
ನಾನ ಊಟ ಮಾಡೋದಿಲ್ಲ. ...",0.02586206896551724,0.0,0.0,0.0,0.0,0.0,0.0,0.0,0.008620689655172414,0.004310344827586207,care.virtue,6
15,"ಏಡಿಕಮಾರನ ಕಥೆ 15
ದೊಡ್ಡದೊಂದು ಕಾಡಿರುತ್ತೆ. """"ಆ ಕಾಡಿನೊಳಗೆ ಚುಂಚನಗಿರಿ ಬೆಟ್ಟದೊಳಗೆ ಹೋಗ್ತಾ
ಇರುಬೇಕಾದ್ರೆ, ಚುಂಚನಗಿರಿ ಬೆಟ್ಟಕ್ಕೆ ನಡುಬೆಟ್ಟದೊಳ್ಗೆ ಕುಂತವೈ.
ಒಬ್ಳೇನೇ ಕುಂತ್ಕಂಡಿದ್ರೆ, ಶಿವನಗೋಳ್‌ ಸೀತೆಗೋಳ್‌ ಮಾಡ್ತಾಇರ್ತಾಳೆ."" “ಅಯ್...",0.02304147465437788,0.004608294930875576,0.0,0.0,0.0,0.0,0.004608294930875576,0.0,0.004608294930875576,0.0,care.virtue,5
16,"16 ಜನಪದ ಕಥೆಗಳು
ಮಾತು ಕೇಳಿದ ಮ್ಯಾಲೆ ರೂಮಿನತ್ರಕ್ಕೆ' ಬಂದ್ಳು. ರೂಮಿನತ್ರ
ಬಂದಾಗ ಬಾಗ್ಲು ತೆಗೀತಾಳೆ. ಬಾಗ್ಲು ತೆಗೆದಾಗ ""ಆ' ಬಂದ್ಬಿಡ್ತದೆ, ಏಡಿಗಾಯಿ
ನುಂಗಕೆ ಆಯಮ್ಮನ್ನ. ಅವಾಗ ಒಂದ್ಹಿಡಿ ಮರಳ ಎಸೆದ್‌ ಬಿಡ್ತಾಳೆ. ಒಂದ್ಹಿ ಡಿ ಮರಳು
ಎಸೆದಾಗ...",0.012345679012345678,0.0,0.0,0.0,0.0,0.0,0.00411522633744856,0.0,0.012345679012345678,0.0,care.virtue,3
17,"ಏಡಿಕುಮಾರನ ಕಥೆ 17
ಮಗಳ್ನ ನೋಡಕೆ ಬರ್ತಾಳೆ. ದಿವ್ಸ ಆಯ್ತು, ನಂ ತಾಯಿ ಬಂದ್ಳು ಇವೃಗೂನೂ
ಕರುಣ ಉಂಟಾಗ್ರದೆ. ಸುಖ ಸಂತೋಷದೊಳ್ಗೆ ಬಂದಂತಾ ಈಯಮ್ಮಂಗೆ
ಬೇಕ್‌ಬೇಕಾದಂಥ ಅಡಿಗೂಟ ಮಾಡಿ, ಬಟ್ಟೆ ಬರೆ ತೊಗೊಬಂದು ಕೆಲವಾರು ದಿವ್ಸ
ಆಯಮ್ಮನ್ನ ಇಟ್ಟ್ಕಂತಾರ...",0.02608695652173913,0.004347826086956522,0.0,0.0,0.0,0.0,0.0,0.0,0.021739130434782608,0.0,care.virtue,6
18,"18 | ಜನಪದ ಕಥೆಗಳು
ಹೇಳಿಕೊಟ್ರೆ ಈಯಮ್ಮ ರೀತಿ ""“ಅಕ್ಕಾ ನಿನ್‌ ಮೈಮೇಲೆ ಚೆನ್ನಾಗಿದೆಯಕ್ಕಾ
ಒಡವೆಗಳು. ನಿನ್‌ ಬಟ್ಟೆ ಒಡವೆನೆಲ್ಲ ಧರಿಸಕ್ಕ. ನನ್‌ ಬಟ್ಟೆ ನೀನ್‌ ಧರಿಸ್ಕೊಳಕ್ಕ.
ನೋಡಕ್ಕ'' .ನಾನು ಚೆನ್ನಾಗಿ ಕಾಣಿಸ್ತೀನಿ ಆವಾಗ ಆಯಮ್ಮನ
ಮೈಮೇಗಲ ...",0.008695652173913044,0.0,0.0,0.0,0.004347826086956522,0.0,0.004347826086956522,0.0,0.013043478260869565,0.0,sanctity.virtue,3
19,"ಏಡಿಕುಮಾರನಕಥೆ 19
ಚೆನ್ನಾಗಿದೆಯೇನೋ 9 ಅಪೇಕ್ಷೆ ಪಟ್ಟು ಕೇಳ್ತಾ ಇದ್ದರೆ ಇವ್ನೇನೂ ಮಾತಾಡ್ಜೇ
ಮಂಚದ ಮಕ್ಕಡೆಯಾಗಿ ಮಲಗಿಬಿಡ್ತಾನೆ. ಏನೋ ಹೆಚ್ಚುಕಮ್ಮಿ ಆಗ್ಬಿಟ್ಟಿದೆ, ನಮ್‌
ಸೊಸೆಗೆ. ನನ್ಮಗ ಏನೂ ಹೇಳಿಲ್ವಲ್ಲ, ನಾವಿಬ್ರೂ ಹೋಗ್‌ ನೋಡ್ಕೊಂಡು ಬಂದ...",0.04065040650406504,0.0,0.0,0.0,0.0,0.0,0.0,0.0,0.008130081300813009,0.0,care.virtue,10
20,"20 ಜನಪದ ಕಥೆಗಳು
ಬಂದಿರೋರು ಬಿಟ್ಟಿಟ್ಟು ನಿಮ್ಮನೆಗೆ ಹೋಗ್ರವ್ವ. ಸೊಸೆ ಬಾಳಿಸ್ಕೋತೀವಿ
ಹೇಳಿಬಿಟ್ರು. ಅವ್ರ ತಂದೆ.ತಾಯಿ ಮನೆಗೋದ್ರು. ಸೊಸೆ ಇವ್ರ ಮನೆಯೊಳಗೆ
ಬಾಳ್ತಾ ಇರಾ ಳೆ.
ಬಾಳ್ತಾ ಇರಬೇಕಾದ್ರೆ, ಗಂಡನಿಗೆ ಚಿಂತೆ ಬಂದ್ಧಿಡ್ತು, ಪರಮಾತ್ಮ, ನ...",0.004405286343612335,0.0,0.0,0.0,0.004405286343612335,0.0,0.004405286343612335,0.0,0.013215859030837005,0.004405286343612335,sanctity.virtue,3
21,"ಏಡಿಕುಮಾರನ ಕಥೆ 21
ತೊಡಿಸಕ್ಕಾಗಲ್ಲ'' ಹೇಳ್ತಾ ಇದ್ದಾನೆ ಬಳೆಶೆಟ್ಟಿ. ನಾಗರಾಜ ಹೇಳುತ್ತಾನೆ?
ಅಪ್ಪಾ ನಾಳೆ ನೀನು ಬಳೆ ತೊಗೊಂಡ್‌ಬಾ. ಮುಂಚೆ ನಮ್ಮಕ್ಕಯ್ಯಂಗೆ ಬಳೆ
ತೊಡಿಸಿಬಿಟ್ಟು ನೀನು ಇನ್ನ ಮುಂದಕ್ಕೋಗಯ್ಯ ನಾಗರಾಜ ಆಚೆ ಕಡೀಕೆ
ಬಳೆಶೆಟ್ಟೀನ ಕಳ...",0.008849557522123894,0.004424778761061947,0.0,0.0,0.0,0.0,0.0,0.0,0.008849557522123894,0.0,care.virtue,2
22,"22 ಜನಪದ ಕಥೆಗಳು
ದುಃಖ ಮಾಡ್ಕೊಂಡ್‌ ಬಳೆ ತೊಡಿಸಬೇಕಾದ್ರೆ ನಾಗರಾಜ ಎರಡೂವೆ ನಿಂತಿದ್ದರಲ್ಲ,
""""ಅಯ್ಯಾ ಬಳೆಶೆಟ್ಟಿ, ಏನಿದ್ರೂ ಹೇಳಯ್ಯ ನಮ್‌ ಹತ್ರ, ನಾವ್‌ ನಿವಾರಣೆ ಮಾಡ್ತೀವಿ''
ಕೇಳ್ತಾ ಇದಾರೆ. """"ಅಯ್ಯೋ ಏನೂ ಇಲ್ರಪ್ಪ. ಈಯಮ್ಮ ನನ್‌ ಹೆಂಡ್ತಿ...",0.015306122448979591,0.00510204081632653,0.0,0.0,0.0,0.0,0.0,0.0,0.01020408163265306,0.0,care.virtue,3
23,"೩. ಬಡ ಹುಡುಗಿಯ ಕಥೆ
ಪಟ್ಟದಾಗೆ ಒಬ್ಬ ದೊರೆಯಂತೆ. ದೊರೀಗೆ ಯೋಳನ ಹೆಂಡ್ತಿದೀರು. ಇವ್ರ್‌
ಯೋಳ್‌ ಜನಕ್ಕು ಮಕ್ಳಿಲ್ಲ. ಮಕ್ಳಿಲ್ಲದ್ದೊರೆ ಒಂದ್‌ ಪಟ್ಟಕ್‌ ಹೋಗ್ಬೇಕು ರೊಟ್ಟಿ ಬುತ್ತಿ
ಕಟ್ರಿ ಹೇಳ್ದ. ಇವ್ರೇನ್ಮಾಡಿದ್ರು? ರೊಟ್ಟಿ ಬುತ್ತಿ ಕಟ್ಟಿಕೊ...",0.011363636363636364,0.0,0.0,0.0,0.0,0.0,0.005681818181818182,0.0,0.0,0.011363636363636364,care.virtue,2
24,"24 ಜನಪದ ಕಥೆಗಳು
ನಿಂಗೆ ರಾಜ್ಯದಾಗೆ ಅರ್ಧರಾಜ್ಯ ಕೊಡ್ತೇನಿ'' ಅಂದ ದೊರೆ. """"ಅಪ್ಪಾ ಆಗೋದಿಲ್ಲ,
ಮಾಡೋರಿಲ್ಲ, ಮಟ್ಟೋರಿಲ್ಲ, ಕಿವಿಕೇಳಾಕಿಲ್ಲ. ಕಣ್‌ಕಾಣಾಕಿಲ್ಲ. ನಾನೇನ್ಹಾಡ್ಲಪ್ಪ?
ಅದ್ಕೆ ಆರೈಕೆ ಮಾಡಾಕೆ ಆಗತದೇನಪ್ಪಾ ನನ್‌ಕೈಲಿ'' ಅಂದ್ಲು. “ಏ...",0.003787878787878788,0.0,0.0,0.0,0.0,0.0,0.003787878787878788,0.0,0.007575757575757576,0.0,sanctity.virtue,2
25,"ಬಡ ಹುಡುಗಿಯ ಕಥೆ 25
ಇಳಿಯೆ ಕೆಳೀಕೆ. ಇಳು ಕುದ್ರೆ ಕೆಲ್ಸ, ದನಿನ ಕೆಲ್ಸ, ಕೆಲ್ಸ, ಇಂತ ಕೆಲಸ, ಗುಡ್ಲಾದು
ಅಂತೇಳಿದ್ರು. ಕಸರಾದ ಹುಳ್ಳಿಕಾಳು ತರದು ಮಾಡದು ಇಕ್ಕದು. ಕಸ ಕಸ
ಗುಡ್ಡದು. ಶುರುಮಾಡಿದ್ದು. ಶುರುಮಾಡತ್ಲೆ ಆಯಮ್ಮ ದಿನದ ಬಸುರಿ ಅಲ್ವಾ?...",0.0,0.0,0.0,0.0,0.0,0.0,0.0037593984962406013,0.0,0.007518796992481203,0.007518796992481203,sanctity.virtue,2
26,"26 ಜನಪದ ಕಥೆಗಳು
ಹೇಳಿದಾದಮ್ಯಾಲೆ ದೊರೆ ಕರಕಂದ್‌. ಬಂದ. ಕರಕಂದ್‌ ಮಾಡಿಮ್ಯಾಲೆ
ಇರಿಸ್ನಂದ. ಇವ್ರನ್ನ ಕೇಳ್ಳುಲ್ಲ. ಅವುನ್ನ ಕೇಳ್ಳುಲ್ಲ. ಮಾತು ಪಟ್ಕಾಯಿಸ್ಲಿಲ್ಲ. ಇವರು
ಮುಂಚೆ ಮಾಡ್ತುದ್ರೊ ಹಂಗ್‌ ಮಾಡಾಕ್‌ ನಿಂತಕಂಡ್ರು.
ಅಲ್ಲಿಗೆ ಮೂರ್ರಿಂಗ್...",0.0,0.0,0.0,0.0,0.0,0.0,0.0,0.0,0.008620689655172414,0.0,sanctity.virtue,2
27,"ಬಡ ಹುಡುಗಿಯ ಕಥೆ 27
ಇವರ್ಲೆ ವಿಷಕೊಟ್ಟು ಸಾಯಿಗೊನ್ನಿಬಿಡ್ಬೇಕು'' ಏನ್ಹೇಳ್ರೀರಾಂತ ಒಬ್ರಿಗೊಬ್ರು
ಮಾತಾಡ್ಕಂಡ್ರು. ಆಮ್ಯಾಲೆ ಬಂದಿದ್ದೆಯ ರಾಮಲಕ್ಚ್ಮ ಣನ ಕಣಜ ಕೀಳ್ಲಿದ್ದೆಯ ಡಂಗೂರ
ಬಾರ್ಲಿಬಿಟ್ರು. ""ಇಂತಾ ಹೊತ್ತಿಗೆ ಇಂತಾ ಊಟ. ಎಲ್ಲ ಬಂದ್ಬುಡ್...",0.017543859649122806,0.0,0.0,0.0,0.0043859649122807015,0.0,0.0,0.0,0.0,0.0043859649122807015,care.virtue,4
28,"28 ಕನ್ನಡೆ ಜನಪದ ಕಥೆಗಳು
ಹೊನ್‌ ಕೊಟ್ಟು, ಅಳಿದೆಲೆ ಒಂದ್‌ ಸೇರು ಹೊನ್ನು ಕೊಟ್ಟು ಹುಡ್ಗಿ ಕರಕಂದೋಗಿ
ಒಂದಜ್ಜಿ ಮನಿಗೆ ಬಿಟ್ಟ. ಅಲ್ಲಿ ಅವಜ್ಜಿ ಸಾಕ್ತು. ಹಿಂಗಿಂಗಾತೂಂತ ಹೇಳಿದ್ದು. ಅವಾಗ
ಆಯಪ್ಪನಿಗೆ ಗುರ್ತಾಯ್ತು. ಓ ಇವು ಯಾರವು ಇಪ್ಪತ್ತೈದು ...",0.004784688995215311,0.0,0.0,0.0,0.0,0.0,0.0,0.0,0.004784688995215311,0.009569377990430622,sanctity.vice,2
29,"ಜಂಬೂರು ನಾಗೇಗೌಡರು 29
ಒಂದಲ್ಲಾ ಒಂದಿನ್‌ ಏನ್‌ ಮಾಡುದ್ರು? ಅವ್ರ ಸ್ನೇಹಿತ್ರೆಲ್ಲಾ ಇವುರ್ಲೆ
ಹೇಳ್ಬುಟ್ರು. ಮದ್ವೆಮಾಡ್ಬುಡ್ರಿ ನಾಗೇಗೌಡ್ರೆ ಹೇಳ್ಬುಟ್ರು. ಅಪ್ಪಾ ನೀವೇ
ಮಾಡ್ಬುಡ್ರಪ್ಪಾ ಲಗ್ನಾವಾ. ನಮ್ಮೈಲಿ ಸಾಧ್ಯವಿಲ್ಲ ಅಂದ್ಬುಟ್ರು ನಾಗೇಗೌ...",0.003968253968253968,0.0,0.0,0.0,0.0,0.0,0.003968253968253968,0.0,0.003968253968253968,0.0,care.virtue,1
30,"30 ಜನಪದ ಕಥೆಗಳು
ಮಗುನ್ನೆಣ್ಣು.'' ನಾನ್‌ ಬರೊಲ್ಲ. ಆದಾತೋಗು. ಆಗೋಗ್ಬ್ಟುಡುತ್ತಪ್ಪ. ವೋಗ್ಲೇಬೇಕು
ಮದ್ವೆಗೆ. ನಾನ್‌ ಬರಲ್ಲಪ್ಪ. ನನ್‌ ಚಂದ್ರಾಯ್ದ ಕೊಡ್ತೀನಿ. ಮದ್ವೆ ಮಾಡ್ಕಂಬಾ ಅಂದ್ಬುಟ್ಟ.
ಅವ್ರು ಒಳ್ಳೆ ಮಾನ್ಯೇವು, ಪುಣ್ಯಾತ್ಮರು, ಅಮರಾವತ...",0.00816326530612245,0.0,0.0,0.0,0.0,0.0,0.004081632653061225,0.0,0.012244897959183673,0.004081632653061225,sanctity.virtue,3
31,"ಜಂಬೂರು ನಾಗೇಗೌಡರು 31
ಈಯಮ್ಮ ಮಂಡೆ ಬಿಚ್ಛಂಡು ಬಾಚ್ಯಂತಿದ್ದಲ್ಲ, ಹತ್ಸೂಡಿನ ಕರುಗಳಿದ್ದೊ ನೋಡಿ, ಏಳ್‌
ಕೊಪ್ರಿಕೆ ಹಾಲ್‌ ಕರಿಬೇಕಾರೆ, ಜಂಬೂರ್‌ ನಾಗೇಗೌಡ್ರು ಮನೇಲಿ ಏಳ್‌ ಕೊಪ್ರಿಕೆ ಹಾಲ್‌
ಕರಿಯೋ, ಕರಿಯೋವು ಕರ ಏಸಿರ್ರವೆ? ಹತ್ಸೂಡಿನ, ಕರುಗ...",0.011627906976744186,0.0,0.0,0.0,0.0,0.0,0.0,0.0,0.027131782945736434,0.0,sanctity.virtue,7
32,"32 ಜನಪದ ಕಥೆಗಳು
ಏಳ್‌ಜನ ಗಂಡ್‌ಮಕ್ಕು, ಏಳ್‌ಜನ ಸೊಸೆದೀರು, ಬಾಳ ಅನ್ಯೂಲ್ವಾಗ್‌ ನೆಡೆತಿದೆ. ಯಾವ್‌
ಕೆಲ್ಲಇದ್ರೂ ಇಲ್ಲಂತೆ ಆಯ್ತದೆ. ಸ್ವಾಮಿ ನಮ್ಮಲ್ಲಿ ಆರ್‌ತ್ಕಾಅಕ್ಷತೆ ಮಾಡ್ಬೇಕಾಗಿದೆ. ನಿಮ್‌
ಸೊಸೆದೀರ್‌ ಕರ್ಯೊಂಡೋಗಕೋಸ್ಕರ ಬಂದಿದ್ದೀನಿ ಸ...",0.009569377990430622,0.0,0.0,0.0,0.0,0.0,0.004784688995215311,0.0,0.004784688995215311,0.0,care.virtue,2
33,"ಜಂಬೂರು ನಾಗೇಗೌಡರು 33
ಸರಿ, ಐದ್ಗಂಟೆಗೆ ಬಂದ್ರು. ಇವ್ನ್‌ ಅಷ್ಟುತ್ಲಾಗ್ಲೇಯಾ ಕದ ಹಾಕ್ಟುಟ್ಟು, ಮಲಗ್ಸು
ಬಿಟ್ಟವೈ, ಮಾರಾಣಿ ಮಗುನ್ನ.
ಆಮೇಲೆ ಎಲ್ಲಮ್ಮಾ ಯಾತವಮ್ಮಾ ಬಂದ್ಲು. ಬನ್ನಿ ತಾಯಿ ಬನ್ನಿ
ಕದನೂಕಿದ್ದು ಈಯಮ್ಮ, ಎಲ್ಲಿ ಅರತ್ಯಾಕ್ಟದಿ? ಪಾ...",0.009259259259259259,0.0,0.0,0.009259259259259259,0.0,0.0,0.009259259259259259,0.0,0.009259259259259259,0.0,care.virtue,2
34,"34 ಜನಪದ ಕಥೆಗಳು
ರಾಜನ್ಮನೆಗ್‌ ತಿಂದು ಬಡಾಬಡಾಂತ ಉಚ್ತಳೆ ನೋಡು ಅಂದ. ಅಪ್ಪಾಸಿನ್‌ ಮನ್ಸೋಗೆ
ಇಲ್ಲ, ನೀರ್‌ ಕುಡ್ಡೇ ಅಂದ. ""ನಿನ್ನಕ್ಕನ್‌ ಚಿಟ್ನಾಕುಟ್ಟಾ ಬಾ' ಹೊತ್ತು ಅಂದ.
ಜಡ್ಡಿದ್ದೆ ಎಳೆದ. ಲಟ್ನ ತಗುಲ್‌ ಬುಡ್ತು A ಪಲ ನನ್ನೆ ಕೈಕೊಟ್ಟುಟ್...",0.008733624454148471,0.0,0.0,0.0,0.0,0.0,0.0,0.0,0.0,0.004366812227074236,care.virtue,2
35,"ಜಂಬೂರು ನಾಗೇಗೌಡರು 35
ಮನೇಲಿ ಬಿದ್ದಿ ದಾನೆ. ಆಯಮ್ಮಂಗೆ ಮೊದ್ಲೇ ಗಂಡನ್‌ ಸುಖನೂ ಇಲ್ಲ. ಆಗೇನ್ಮಾಡ್ಬುಟ್ಫು?
ತಣ್ಣೀರುಯ್ಯಂಡು ಸ್ನಾನಾ ಮಾಡಕಂಡು ಮನೆ ಪ್ರದಕ್ಷಿಣೆ ತನ್ನ ಪತಿ ಪಾದ ನೆನ್ಶಂಡು
ಒಂದ್‌ ಗಡ್ಲೆ ಒಳೀಕ್‌ ಒಂದ್‌ ಕುಂಬ್ಳು ಬೀಜ ಹಾಕಿ, ...",0.015384615384615385,0.0,0.0,0.0,0.0,0.0,0.0,0.0,0.0038461538461538464,0.0038461538461538464,care.virtue,4
36,"36 ಜನಪದ ಕಥೆಗಳು
ನನ್‌ಮಗ್ಗೆ, ಅರ್ಮನ್ನೆ ಉಪ್ಪಿನ್ಕಾಯಾಗ್ಬೇಕೋ ಅಷ್ಟು ಮರುದ್ವೇಲೆ ಉಪ್ಪಿನ್ಯಾಯಿ ಆಗ್ಲಿ
ಅಂದ್ಲು. ರಾಜು ನಮನ್ನೆ ಆಗೋವಷ್ಟು ಗಿಡುದ್ದೇಲೆ ಉಪ್ಪಿನ್ಯಾಯಿ ಆಗಿತ್ತು. ಬಂದ್ರು.
ಒಡ್ಕೊಂಡೋಗಿ, ಗಿಡ ಒಡ್ಕೊಂಡೋಗಿ, ನಿಂ ಊಟುಕ್‌ ಬೇಕು ...",0.042735042735042736,0.004273504273504274,0.0,0.0,0.0,0.0,0.0,0.0,0.017094017094017096,0.004273504273504274,care.virtue,10
37,"ಜಂಬೂರು ನಾಗೇಗೌಡರು 37
ನಾಗ್ಮಂಗಲ್ಪ ಕೆನೆಸುಣ್ಣ ತಗಂಡೋಗಿ ವೀಳ್ಯ ಕೊಟ್ಲು. ವೀಳ್ಯ ಆಕ್ಕಂಡಾದ್ವೇಲೆ,
ಏನೇಳುದ್ರು, ಮಾವಾವ್ರೈೆ 9) ಅರಗಿಣಿ, ಮರಗಿಣಿ ಹೇಳಿದ್ರು ತಾಯಿ.
ಮರ್ರ್‌ಬಿಟ್ಟಿದ್ದೀನಿ ಕಣವ್ವಾ ಅಂದ್ರು. ಹ್ಯಾಗೆ ಮಾಡ್ಬೇಕು? ನಡಿ, ಗಾಜಿನ್...",0.004672897196261682,0.0,0.0,0.0,0.0,0.0,0.009345794392523364,0.0,0.014018691588785047,0.0,sanctity.virtue,3
38,"38 ಜನಪದ ಕಥೆಗಳು
ಕಾಲ್ಲಗಿತ್ತು. ಕೋಟೆ, ಕೋಟೆ ಸುತ್ತ ರಾಡ್‌ ಬಾಕ್ಷ ಮಾಡಿ, ರಾತಿನಾಗ ಪಟೇಲ
ಬಾಗ್ಲಾಕ್ಬುಟ್ರೆ, ಇನ್ನ ಬೆಳ್ಳರ್ದಗ್ಗೆಯಾ ರಾಡ್‌ ಬಾಕ್ಸು ತೆಗಿಯದು. ವಳ್ಗಡೇಲೆ ಆಗದು,
ಕೋಟೆ ಒಳ್ಗೆ ಇರದು ರಾಜನ್‌ ಕಾಲ್ಚಗೆ. ರೀತಿಯಾಗೇನ್ಮಾಡ್ಬುಟ್ರ...",0.016260162601626018,0.0,0.0,0.0,0.0,0.0,0.008130081300813009,0.0,0.0,0.0,care.virtue,4
39,"ಗುಲಗಂಜಿ ಮಾದೇವಿ 39
ಪತುವ್ರತೆಯಿಂದ ಸ್ವಾಮಿ ಹುಟ್ರನೆ, ಸ್ವಾಮಿ ಮುಳುಗ್ಮನೆ ತಾಯಿ, ಬಂದಂತ
ಪುಣ್ಯಾತ್ಮರೆಲ್ಲಾ ಆಶ್ರಯಿಸಿ, ಅವ್ರುಗೆ ಏನೇನು ಬಹುಮಾನಗೂಳ ಕೊಡ್ಬೇಕೋ ಕೊಟ್ಟು,
ಇವ್ನು, ಯಾರು ? ರಾಜುನ್‌ಮಗ, ಕೊಟ್ಟ್‌ ಕಳುಸ್ಬುಟ್ಟ.
ಅರ್ಡನೆ ಒಳ್ಳೆ...",0.005291005291005291,0.0,0.0,0.005291005291005291,0.0,0.0,0.010582010582010581,0.0,0.005291005291005291,0.0,authority.virtue,2
40,"40 ಜನಪದ ಕಥೆಗಳು
ಮೂಡ ಮಾಲ್ಲಾಡಕೆ ಯಾಪಾರೈ ಹೊಗ್ಗೇವಿ' ಅಂದ್ರು. ಅಯ್ಯೋ ನನ್ಮಕ್ಸ ನಿಮಗೆ ಯಾಪಾರ
ಮಾಡೋದು ಗೊತ್ತಾ ? ಯಾತುಗೆ ಬೇಕು ನಿಮಗೆ? ಇನ್ನೊಂದಿಷ್ಟು ಓದಿ ನೀವೇನಾರ
ಒಂದ್‌ ನಾಕ್ರೆ ತಗಂದ್ರೆ ಕಣ್ಣೆದಿ ಿಗೆ ಇರ್ವಿರ್ರಪಾ... SE ಇಂ ಬ್ಯಾಡ' ...",0.008,0.0,0.0,0.0,0.0,0.0,0.012,0.0,0.0,0.0,authority.virtue,3
41,"ಗುಲಗಂಜಿ ಮಾದೇವಿ 41
""""ಏನಾಕತಜ್ಜಿ ಇದಕ್ಕೆ ಬೆಲೆ ?'' ಅಂದ.
“ತಮ್ಮ ಇದುಕೊಂದ್‌ ಸಾವ್ರ ರೂಪಾಯಿ ಅಕತೆ ನೋಡು' ಅಂತು ಅಜ್ಜಿ. ಸಾವ್ರ
ರೂಪಾಯಿ ಲಾಭ ಬಂದುದ್ದಿತ್ತಲ್ಲ? ಅದುನ್‌ ಕೊಟ್ಟು ತಗಂದ ಗುಲಗಂಜೀನ. ತಗಂದ್‌
ಬಂದು, ಬಸ್‌ಸ್ಟಾಂಡಿಗೆ ಕೂಡೈೆಂದ್...",0.004219409282700422,0.0,0.0,0.0,0.0,0.0,0.012658227848101266,0.0,0.008438818565400843,0.0,authority.virtue,3
42,"42 ಜನಪದ ಕಥೆಗಳು
ಓದಕಾದ್ರೆ ಓದು, ಓದಲುದ್ರೆ ಇರುವಂತೆ ಬಾ' ಅಂತಂದು ಆಕೆನ್ನ ಅಣ್ಣಾರಂಗ
ಆಕೆನ್ನು ಓದ್ದಾಕ್‌ ಹಾಕಿದ್ರು.
ಒಂದೀಟ್‌ ಹಿಂಗೆ ತಿಳಿಯಂಗಾಗಮುಟ ಓದಿದ್ದು. ಆಕಿಗೇನ್‌ ದೇವ್ರು ಬುದ್ದಿಕೊಟ್ನೊ
ಏನೊ ಅವರಪ್ಪಗೆ ಕೇಳಿದ್ದು -
""ಅಪ್ಪಾ ಅಣ್ಣ...",0.0,0.0,0.0,0.0,0.0,0.0,0.0,0.0,0.0,0.0,,0
43,"ಗುಲಗಂಜಿ ಮಾದೇವಿ ೯ 43
ಹೊಗಿವಂತಿ' ಆಂತ ಬಾರಿ ತರವಾಗಿ ಹೇಳ್ತು ಆಮಜ್ಜಿ, “ಅಲ್ಲಜ್ಜಿ! ಹೇಳು ಏನ್‌ ಮಾಡ್ತಾಳೆ ಆಕಿ
ನೋಡಾನ? ಆಕೆ ಹೆಂಗ ಸೋಲ್ವಾಳಜ್ಜಿ-' ಎಲ್ಲ ಕೇಳಿದ್ದು. ಆಕೆಎಲ್ನ್‌ ಇಲಿ
ಹಿಡ್ಕಂಡು ವಡ್ಲಾಗ ಕಟಿಗೆಂದಾಳೆ. ಒಂದ್‌ ಬೆಕ್ಕ ಸಾಕೆಂದ...",0.0,0.0,0.0,0.0,0.0,0.0,0.013333333333333334,0.0,0.0044444444444444444,0.013333333333333334,authority.virtue,3
44,"44 ಜನಪದ ಕಥೆಗಳು
ಇವು ಪರ್ದಾನಿ ರಾಜ ಇಕೆನ್ನೋಡಿ ಪರ್ದಾನಿ ಈಕೆ ಹೆಂಗ್ಸು ಅಂತನ್ನನು. ರಾಜ ""ಏ
ನಮ್ಮಂಗೆ ಬಟ್ಟೆ ಹಕ್ಕೆಂದ್‌ ಓಡ್ತಾಡ್ತಾನೆ, ಹೆಂಗ್ಸಾಗಿದ್ರೆ ಹಿಂಗ್‌ ಓಡಾಡ್ತುದ್ದ ಗಂಡ್ಸು
ಬಿಡಲೇ' ಇಬ್ರಾಳಿಗು ವಾದಾಟ ಬಿತ್ತು. ಹೆಂಗ್ಸೊಂತ ಪರ್ದಾ...",0.012711864406779662,0.00423728813559322,0.0,0.0,0.0,0.0,0.0211864406779661,0.0,0.0,0.0,authority.virtue,5
45,"ಗುಲಗಂಜಿ ಮಾದೇವಿ 45
ಆವಾಗ ಒಂಡೆಲ್ಡ್‌ ದಿವಸ ಬಿಟ್ಟು ಕರೆಕಳ್ಳಿದ್ರು. ""ಆಗ್ಲಿ ಬರ್ರೇವಿ' ಹೋದ್ಲು.
ಅಯ್ಯೊ ಇಲ್ರಿ ಹೊಟ್ಟುವು ಸತಿಯಾಗೇಲ. ಸಹಬಾಜಿನೆ ಕುಂತಗಂದ್‌ ಊಟ
ಮಾಡ್ತೇನಿ. ಆದ್ರೆ ಮೈಮಾತ್ರ ತೊಳೆಯೋದಿಲ್ಲ' ಅಂತಂದು ತಪ್ಪಿಸ್ಗೆಂದೊ. ಅವಾಗ
ಸ...",0.008620689655172414,0.0,0.0,0.0,0.0,0.0,0.017241379310344827,0.0,0.0,0.0,authority.virtue,4
46,"46 ಜನಪದ ಕಥೆಗಳು
ಬೆಳ್ಳನ ಬೆಳತನಕ ಹೊಳೆ ಅನ್ನದು ತುಂಬಿ ಹರಿತಿದೆ. ಆಚೆಕೆ ಹೋಗಂಗಿಲ್ಲ. ಏನ್ಹಾಡ
ಕಾತು ಚಿಂತೆ ಮಾಡಿದ್ದು. ಕೊನಿಗೆ ಗಂಗಾದೇವಿ ಬೇಡ್ಕೆಂದೂ ""ಅತ್ತೋಳೆ ಅತ್ತಾಗಿ
ಇಗ್ರೊಳಿ ಇತ್ತಾಗಿ ದಾರಿ ಬಿಡು. ಆಚೆ ಕಡಿಕೆ ಹೋಗುಮುಟ' ಬೇಡ್ಕಂದ್ಲು...",0.004347826086956522,0.0,0.0,0.0,0.0,0.0,0.034782608695652174,0.0,0.0,0.0,authority.virtue,8
47,"ಗುಲಗಂಜಿ ಮಾದೇವಿ 47
ಅಯ್ಯೊ ಗುಲಗಂಜಿ ಮಾದೇವಕ್ಕ ಬಂದಾತೇಂತ ಕೂಡಿಬಿಡು.
ಅಪರೂಪಕೇಂದ್ರ ಸೇರದು ಜಾಸ್ತಿಯಲ ಹಂಗೆ. ಹನ್ನೆಲ್ಡ್‌ ವರ್ಷಾಗೇತಿ ತಂದೆ ತಾಯಿ
ಎಲ್ಲಾರ್ದು ಮಖ ನೋಡ್ಲಿತಿ ಹಂಗೆ ಮನಿಗೆ ಹೋಗ್ಬುರ್ದೂಂದು ಇಕೆ ಗುಡಿಯಾಗದಾಳೆ.
ಆವಾಗ ಅಕೆ ಅಣ್...",0.008333333333333333,0.0,0.0,0.0,0.0,0.0,0.008333333333333333,0.0,0.016666666666666666,0.0,sanctity.virtue,4
48,"48 ಜನಪದ ಕಥೆಗಳು
ಗೊಂಬೆ ಅನ್ನದು ನೋಡ್ಲಿಲ್ಲ ಮನಸ್ರು ಅನ್ನದು ನೋಡಿಲ್ಲ. ಕಾಲಕಡಿಂದ ಕರಂಕುರುಂ
ತಿನ್ನಾಕ್‌ ಹತ್ತಿದ. ಪಾಡಾಗೆ ಕರ್ದುದ್ದ ರುಚಿಯಾತು. ಅಯ್ಕೋ ಹೆಣ್ಣೆ ಇಷ್ಟು ರುಚಿ,
ಇದ್ರು ಕುಟಾಗೆ ಬಾಳೇವ್‌ ಮಾಡಿದ್ರೆ ಇನ್ನೆಷ್ಟು ನನಿಗೆ ಹಿತ ಇತ...",0.004975124378109453,0.0,0.0,0.0,0.0,0.0,0.0,0.0,0.004975124378109453,0.004975124378109453,care.virtue,1
49,"ತಾಯಿಯ ಮಾತು 49
ಬೇಟೆ ಆಡ್ಕೊಂಡು ಬರ್ತಾರೆ. ಬರೋದ್‌ರೊಳಗಾಗಿ ರಾಜನ ಹೆಂಡ್ತಿ ಮಂತ್ರಿ
ಏನಾದ್ರು ನಮ್‌ ದೊರೆ ಕೂಟ ಹೇಳಿದ್ರೆ ದೊರೆ ಸಿಗಿದು ತೋರಣಕಟ್ಟಾರೆ.
ಅಷ್ಟರೊಳಗಾಗಿ ಮಂತ್ರಿ ದೂರು ಹೊರಸಬೇಕು, ದೊರೆ ಹೆಂಡ್ತಿ
ಉಟ್ಟಿರೋ ಬಟ್ಟೇನೆಲ್ಲಾ ಹರಿದು,...",0.023696682464454975,0.014218009478672985,0.009478672985781991,0.0,0.004739336492890996,0.0,0.018957345971563982,0.0,0.004739336492890996,0.009478672985781991,care.virtue,5
50,"೭. ನಾಗೇಂದ್ರ
ಒಂದೂರಲ್ಲಿ ಎಡೆಯೂರು ಊರಲ್ಲಿ ಒಬ್ಬ ರಾಜ್ನಂತೆ. ಅವನಿಗೆ ಇಬ್ಬರು
ಹೆಂಡ್ತೀದಿರು. ಹಿರೇ ಹೆಂಡ್ತಿಗೆ ಮಕ್ಕಳು ಇರ್ರವಂತೆ. ಕಿರೇ ಹೆಂಡ್ತಿಗೆ ಮಕ್ಕಳೇ
ಇಲ್ಲವಂತೆ. ಹಿರೇ ಹೆಂಡ್ತಿ ಎಸ್ರು ಗಂಗಮ್ಮ. ಕಿರೇ ಎಂಡ್ತಿ ಎಸ್ರು ತಿಮ್ಮಮ್ಮ. ವಾ...",0.0,0.0,0.0,0.0,0.0,0.0,0.02617801047120419,0.0,0.005235602094240838,0.0,authority.virtue,5
51,"ನಾಗೇಂದ್ರ 51
""ಏನ್ರೀ ಬರಲಿಲ್ಲವಲ್ರೀ ? ನಿಮ ಚಿಕ್ಕ ಎಂಡ್ತಿನ ವಿಚಾರ್ಬ್ಸೋದಿಲ್ಲವಲ್ರೀ 9 ಇಂಗೇ
ಬರ್ತಿದ್ರೆ ಗೊತ್ತಿರ್ರದಲ್ಲೀ ? ಯಾವಾಗ್ಲೂ ಇಲ್ಲೇ ಇರ್ತೀರಲ್ಲಿೀ ? ಪಾಪ ಆಯಮ್ಮನ
ಪ್ರೀತಿ ಏನ್ರೀ'' ಹೇಳ್‌ಬಿಟ್ಟು ಕೇಳ್ತಿನಿ. ಬರ್ತೀನಿ, ಇಲ್ಲ. ಅ...",0.004273504273504274,0.0,0.0,0.0,0.0,0.0,0.004273504273504274,0.0,0.004273504273504274,0.004273504273504274,care.virtue,1
52,"52 ಜನಪದ ಕಥೆಗಳು
""ಹೂಂ ಬಂದಿದ್ರು' """"ಮನಗಿದ್ರಾ ?'' ""' ಉಂ ಮನಗಿದ್ರು'' ""ಸರಿಯಕ್ಕ'. ಸಲೀ
ನಿಂಗೇನಕ್ಕ ಭಯ ಹೇಳ್‌ ಬಿಟ್ತು ತಿಮ್ಮಣ್ಣ. ರೀತಿ ಅನ್ನೋವಾಗ ಅಕ್ಕ ಒಂದ್‌
ಕೆಲಸ. ಮಕ್ಕಳವೇ ನಿನ್‌ ಸವತೀಗೆ. ನಿಂಗೆ ಮಕ್ಕಳಿಲ್ಲ.
ನಾನ್ನೊಂದು ಐಡಿಯಾ ಮ...",0.0,0.0,0.0,0.0,0.0,0.0,0.022222222222222223,0.0,0.0,0.0044444444444444444,authority.virtue,5
53,"ನಾಗೇಂದ್ರ 53
ಇಡ್ತೆಲೂವೇ ದೇವಗನ್ನೇರು ನಾಗಲೋಕದಿಂದ ಸ್ನಾನಕ್‌ ಬರಬೇಕಲ್ಲ 9
ಸಮಯದಲ್ಲಿ ಮಗನ್ನ ಅಲ್ಲಿ ಇಟ್ರು. ಮರ ಹತ್ತಿಕೊಂಡ್ರು. ಇವರು ""ಏನ್‌
ಮಾಡಿದ್ರು ? ಗೊಂಬೆ ನೋಡಿರ್ಲಿಲ್ಲ. ದಡ್‌ದಡ್‌ನೇ ಬಟ್ಟೆ ಬರೇನೆಲ್ಲ ಬಿಚ್ಚ್‌ ಬಿಟ್ರು.
ನೀರಿಗೆ ಬ...",0.0,0.0,0.0,0.0,0.0,0.0,0.0,0.0,0.02666666666666667,0.0,sanctity.virtue,6
54,"54 ಕನ್ನ ಡ ಜನಪದ ಕಥೆಗಳು
ನಾಗಕನ್ನೀರು ಕೇಳ್ವೊಂಬಂದ್ರೆ ಅಲ್ಲಿ ದೊಡ್ಡ ರಾಕ್ಷಸನ್ನ ಪಸ್ಟು ಕೇಳದ್ರೆ ನಿನ್ನ
ನುಂಕ್ಕೊ ಂಬಿಡ್ತಾನೆ. ಚ ಮಾಡು. ಅಲ್ಲಿ ಎಡ ಭು ಐಡಿಯಾ
ಮಾಡಿಕ್ಕೊ ೦ಬತ್ತೀನಿ. ನಿನ್ನೆ ಮಗ ಕೊಡಬೇಕಾದ್ರೆ, ನೀನು ಬಾಗಲಾಗೇ ಇರಬೇಕು.
ವೋಯ...",0.0,0.0,0.0,0.0,0.0,0.0,0.0,0.0,0.0,0.0048543689320388345,sanctity.vice,1
55,"ನಾಗೇಂದ್ರ 55
ಕರಕ್ಕೋತೀವಿ ಅಂತ, ಇವನ್ನೆ ಹೇಳ್‌ಬಿಟ್ಟು ವೊಂಟೋದ್ರಾ? ಯಾರು? ನಾಗಕನ್ನಿಕೇರು.
ಹೇಳಿಬಿಟ್ಟು ವೊಂಟೋದ್ರು. ತಿಮ್ಮಣ್ಣ ಮಗ ಎತ್ಕೊಂಡು ಬಂದ. ಬಂದೇಟಿಗೆ ಏನ್‌
ಮಾಡ್ದ ""ಅಕ್ಕಾ ಮಗ ತಗೋ. ಅಚ್ಚುಕಟ್ಟಾಗಿ ಮಗೀಗೇ ಸ್ನಾನ ಮಾಡಿ, ಊಟ ತಿಂಡಿ...",0.004366812227074236,0.0,0.0,0.0,0.0,0.0,0.013100436681222707,0.0,0.013100436681222707,0.0,authority.virtue,3
56,"56 ಜನಪದ ಕಥೆಗಳು
ಕಳಿಸಲಾರೆ. ನನ್‌ ಮಗ ನನ್‌ ಹತ್ರ ಇರಬೇಕು. ಅವತ್ತು ನನ್‌ ಮಗ ತಿಂದ್ರಿ. ಇವತ್ತು
ಮಗೂನಾ ಕೊಟ್ಟಿದ್ದೀರಾ. ನಿಮ್‌ ಮಗಾನ ಕಳ್ಬೋಕೆ ಸಾಧ್ಯವಿಲ್ಲ ಕಣ್ಣೀರ
ಹಾಕ್ತ ಅವ್ರೆ. ಯಾರು 9 ತಾಯಿ, ತಿಮ್ಮಣ್ಣ. ""ಈಗ ಸಾಧ್ಯವೇ ಮಗ
ಕಳ್ಸೋಕೆ ಎಳ...",0.016574585635359115,0.0,0.0,0.0,0.0055248618784530384,0.0,0.0055248618784530384,0.0,0.03314917127071823,0.0,sanctity.virtue,6
57,"೮. ದೊರೆ ಕಥೆ
ಒಬ್ಬ ದೊರೆ ಅಂತೆ. ಒಬ್ಬದೊರೆಗೆ ಐದು ಗಂಡ್ಮಕ್ಕಳಂತೆ. ಐದು
ಗಂಡ್ಮಕಳಾದ್ರೆ ಐದು ಜನದಲ್ಲಿ ನಾಲ್ಕು ಜನಕ್ಕೆ ಮದ್ವೆ ಮಾಡಿದ್ರಂತೆ. ಕಡೆ ಹುಟ್ಟಿದ
ಮಗನಿಗೆ ಎಲ್ಲೆಲ್ಲೋ ಹೆಣ್ಣು ನೋಡಿದ್ರಂತೆ; ಎಲ್ಲಿ ಹೆಣ್ಣು ನೋಡಿದ್ರು ನನಗೆಲ್ಲೂ
ಇಷ್...",0.028037383177570093,0.0,0.0,0.0,0.0,0.0,0.009345794392523364,0.0,0.0,0.0,care.virtue,6
58,"58 ಜನಪದ ಕಥೆಗಳು
“ಸ್ವಾಮಿ ಊಟ ಮಾಡೋಕೆ ಬರ್ಲಿಲ್ಲ. ನಿಮ್ಮನ್ನ ಮಾತಾಡಿಸಿದ್ರೇ, ಏನೂ
ಭಂಗವಾಗೆತೋ ಏನೋ ಉರಿಗಣ್ಣು ಬಿಡ್ತಿರೋ ಅನ್ನೋ ಇದ್ರ ರೀತಿ
ಮಾಡ್ದೆ ಸ್ವಾಮಿ. ಅದಕ್ಕೋಸ್ಕರ ಭಯದಿಂದ, ರೀತೀ ಮಾಡ್ದೆ ನಾನು. “ಆಗ್ಸೇಕಾದ್ದು
ಏನಪ್ಪಾ ನನ್ನಿಂದ” ಅ...",0.027777777777777776,0.0,0.0,0.0,0.0,0.0,0.0,0.0,0.0,0.004629629629629629,care.virtue,6
59,"ದೊರೆ ಕಥೆ 59
ಆಯ್ದಪ್ಪಾ ನೀನು ಮುಂದೇ ವೋಗು. ಅಲ್ಲಿಂಗೇ ನಮ್ಮಣ್ಣ ಒಬ್ರು ಕೂತವ್ರೆ.
ಅವ್ರಿಂದ ನಿನಗೆ ಆತದೇ ಹೋಗು ಕಳಿಸಿದ್ರೂ. ಅಂಗೇ ಮುಂದೇ ಹೋದ.
ಇವನು ಇನ್ನೊಂದು ಯೋಜ್ನ ವೋದಾಗ ಅಲ್ಲಿ ಸಾಯಂಕಾಲ ಆಯ್ತು. ಒಲೆ ಊಡೀ
ಗಡಿಗೆ ಮಡಿಗೀ, ನೀರು ತಂದು, ...",0.014084507042253521,0.0,0.0,0.0,0.0,0.0,0.0,0.0,0.0,0.0,care.virtue,3
60,"60 ಜನಪದ ಕಥೆಗಳು
ತಿನ್ಬೇಕು ಹೇಳಿದರು. ನೀನು ಇನ್ನೇನು ಅತ್ರಕ್ಕೆ ಬರೋವಾಗ್ಗೆ ನಿಂಬೆಹಣ್ಣು ಅಕ್ಕು.
ನಿಂಬೆಹಣ್ಣು ಪೊದೆ ಆತದೇ. ಅದನ್ನ ಆಕಾಶದವರ್ಲೂ ಹೆಣಕ್ಕೊಂಬಿಡ್ತದೆ. ಅದನ್ನ ತಪ್ಪಿಸ್ಕೊ
ಬರೋವಾಗ್ಗೆ ಇನ್ನೊಂದು ಯೋಜ್ನ ಬತ್ತೀಯಾ. ಇನ್ನೊಂದು ಯೋ...",0.005050505050505051,0.0,0.0,0.0,0.0,0.0,0.0,0.0,0.0,0.0,care.virtue,1
61,"ದೊರೆ ಕಥೆ 61
ಆಯ್ತು ಸ್ವಾಮಿ, ನಿಮ್ಮಿಂದ ಆಯ್ತು. ಆಯಪ್ಪನಿಗೆ ಕಾಲುಭಾಗ ಹಣ ಕೊಟ್ಟಿಟ್ಟ. ಆಮೇಲೆ
ತಿರ್ಲಾ ಕಡೇ ಗುರುಗಳ ತವ ಕಡೇ ಗುರುಗಳ ತವ. """"ಏನಾಪ್ಟಾ ಆಯ್ತು ನಿನ್ನ
ಕಾರ್ಯ? '' ಆಯ್ತು ಸ್ವಾಮಿ ದಯದಿಂದ. ಆಯ್ತುಪ್ಪು, ಒಳ್ಳೇದು ನೀನು ಮಲಗೋ
ಮನ...",0.008928571428571428,0.0,0.0,0.0,0.0,0.0,0.004464285714285714,0.0,0.004464285714285714,0.0,care.virtue,2
62,"62 ಜನಪದ ಕಥೆಗಳು
ತಾಯಿ ದೊರೆ ಅವು. ನಿದ್ದೇ ಹೋತಾವ್ರೆ. ನಿದ್ದೆ ಭಂಗ
ಮಾಡ್ದಂಗೆ ಆತದೆ. ಬರೋಕಾಗಲ್ಲ. ಬರ್ರೀತಾಯಿ. ಎಂತಾರಿಗೂ ಯತ್ನ
ತಪ್ಪತದೆ ಸಂಬಂಧಿಕರೇ. ಬರ್ರೀ ತಾಯಿ ಅಂದಳು.
ಹೌದೇನೋ ಇವ್ರು ಸಂಬಂಧಾನೇನೆ ಇರಬೇಕು. ಎಂಗೇ
ಅನ್ನೋದು ಅಂತ, ಅವಾಗ...",0.018867924528301886,0.0,0.0,0.0,0.0,0.0,0.0,0.0,0.0,0.0047169811320754715,care.virtue,4
63,"ಮಾಡಿದ್ದುಣ್ಣೋ ಮಾರಾಯ 63
ಇದ್ದಾಗಂದಲ್ಲ ಸ್ಟೋರಿ ಅಂದ್ಬಿಟ್ಟು, ಅವತ್ತು ಅಲ್ಲೇ ನಿಂತ್ಸಿಟ್ಟ. ಅಲ್ಲೇ ನಿಂತ್ರೆ ಇದೆಲ್ಲಾ
ಪೂರ್ತಿ ನಡೆದಿದ್ದ ವಿಚಾರ ಕಥೆ ಹೇಳಿದ್ದು. ಓ ಇವ್ಳು ಕುಳ್ಳಕುಂಬಾರಗಿತ್ತೀನೇ.
ದೇವಲೋಕದ ತಾಯಿ ಇವೈ ಅಂದ್ಬಿಟ್ಟು ಅವಾಗ ಅವ...",0.016853932584269662,0.0,0.0,0.0,0.0,0.0,0.0,0.0,0.028089887640449437,0.0,sanctity.virtue,5
64,"64 ಜನಪದ ಕಥೆಗಳು
ನಾನಂದ್‌ಬಿಟ್ಟೆ. ತಗಂದ್ಹೋಗಿ ತಕ್ಷಣ ಬಿಟ್‌ಬುಟ್ಟೆ ಬರ್ಬೇಕು. ಆವಾಗ ಕರ್ಕಂದ್‌ ಬಂದ.
ಮಗ ಮುಖ ತೋರ್ಲಿದ್ರು. """"ಹುಂ..... ನಡಿಮ್ಮ ಅತ್ಲಾಗೆ ಕರ್ಯಂದೋಗಿ ಬಿಟ್‌ಬರ್ರೇನಿ''
ಅಂದ ಮಗ. ""“ಅಪ್ಪಾ ನನ್‌ ಮಗನೆ, ಮಗ ಅಪ್ಪಾ ಅಮ್ಮಾಂತನ...",0.011583011583011582,0.0,0.0,0.0,0.0,0.0,0.0,0.0,0.019305019305019305,0.0,sanctity.virtue,5
65,"ಅನ್ನದಾನದ ಫಲ 65
ಅಂದ್ಬುಟ್ಟಿದ್ದೇಯ ಕಳಿಸಿಬಿಟ್ಲು. ಯಾರನ್ನ ಮೊಮ್ಮಗ, ಮೊಮ್ಮಗಳನ್ನ. ಅವ್ರು ಬಂದ್ರು.
ತಕ್ಷಣ ಅಯಮ್ಮ ಏನ್ಹಾಡಿಬಿಟ್ಟು
ಈಯಮ್ಮನ್ನ ತಗಂದೋಗಿ ಕಳಿಸ್ಟಿಟ್ರಿ ಒಕ್ಕುಲ್ತನ ಮಾಡೋದು. ಇಲ್ಲುದ್ರೆ
ಇಲ್ಲಿರಾಕಿಲ್ಲ. ನನ್‌ ತವ್ರಮನಿಗೋಗಿ ಸ...",0.009852216748768473,0.0,0.0,0.0,0.0049261083743842365,0.0,0.0,0.0,0.014778325123152709,0.0,sanctity.virtue,3
66,"66 ಜನಪದ ಕಥೆಗಳು
ಏನಮ್ಮಾ ದಿನೇ ದಿನೇ ಇಂಗೆ ನೀನು ಉಪವಾಸ ಇದ್ರೇ ನೀನು ಮನಸೇ ಆಗೋಕೆ
ಆಯದ? ಡೈಲಿ ನಂಗೊಂದು ಚೂರು ಕೊಡ್ತೀಯಾ, ಮಿಕ್ಕಿದ್ದೆಲ್ಲಾ ಪರರಿಗೇ ದಾನ
ಮಾಡ್ಬಿಡ್ತಿಯಲ್ಲಾ. ಅಮ್ಮಾ ಯಾತಕ್ಕಾದ್ರೂ ಇಂಗೇ ಮಾಡ್ತೀಯಮ್ಮಾ? ನೋಡಿದ್ರೆ
ಭಿಕ್ಷಕ್ರು...",0.07692307692307693,0.0,0.0,0.0,0.0,0.0,0.0,0.0,0.013574660633484163,0.004524886877828055,care.virtue,17
67,"ಅನ್ನದಾನದ ಫಲ |
ಜಾಸ್ತಿ ಇದ್ದಾವೆ. ಕಾವಲು ಇಟ್ಟಿದ್ದೀವಿ. ಕಾವಲುಗಾರ್ರು ಯಾರಾದ್ರೂ
ಕಂಡ್ರೇ, ಏನಾದ್ರೂ ಹಣ್ಣು ಹಂಪಲು ಕದಿಯಾಕೇ ಬರ್ತಾರೆ. ಅವು ತಂಟೆ
ಮಾಡ್ತಾರೆ. ನೀನು ಯಾತಕಪ್ಪು ಕಾಡು ದಾರಿ ಒಳಗೆ ಬಂದೇ ? ಮಗು
ಚಿಕ್ಕವಯಸ್ನವ್ಹು. ನೀನು ಯಾತಕಪ...",0.021834061135371178,0.0,0.0,0.0,0.0,0.0,0.004366812227074236,0.0,0.0,0.0,care.virtue,5
68,"68 ಜನಪದ ಕಥೆಗಳು
ತುಂಬ ನಡೆದು ಮಖ ಬಾಳ ಸುಸ್ತಾಗಾಗಿರೊಂಗದೆ. ಅದಕ್ಕೋಸ್ಕರ ಎಲ್ಲೋ
ತೀರ್ಥಯಾತ್ರೆಗೆ ಹೋಗ್ತಾನೋ ಕೈಲಾಸಕ್ಕೆ ಹೋಗ್ತಾನೋ ವೈಕುಂಠಕ್ಕೆ ಹೋಗ್ತಾನೋ
ಲೋಕಕ್ಕೆ ಹೋಗ್ತಾನೆ ಮಗು ನಿನ್ನ ಮಖದ ಕಳೆ ನೋಡೋ ಹೊತ್ಸೆ
ತರ ಏನೋ ಹೊಳಿತಪ್ಪು. ಅದಕ್ಕ...",0.020161290322580645,0.0,0.0,0.004032258064516129,0.0,0.0,0.0,0.0,0.0,0.0,care.virtue,5
69,"ಅನ್ನ ದಾನದ ಫಲ 69
ಅವಾಗ ಇಂಗೇ ಓಗೋಂದ್‌ ಒಗೋಂದು ಓಗ್ತಾ ಇದ್ದರೆ, ಅಲ್ಲಿ ದೊಡ್ಡದೊಂದು
ಕಾಡು. ಕಾಡ್ನಲ್ಲಿ ಅರಳೀಮರ ಇದ್ರೇ ಅಲ್ಲೊಂದು ಮಂಟಪ. ಮಂಟಪ ಅಂದ್ರೇ
ದೇವಸ್ಥಾನ. ಏನದು ಅವನಿಗೆ ಅರ್ಥನೂ ಆಗ್ಲಿಲ್ಲ. ಅವನಿಗಲ್ಲಿಗೆ ""ಸ್ವಾಮಿ ದೃಷ್ಟಿ
ಆಗೋ ಟೈ...",0.00851063829787234,0.00851063829787234,0.00425531914893617,0.0,0.00425531914893617,0.0,0.0,0.0,0.00425531914893617,0.0,care.virtue,2
70,"70 ಜನಪದ ಕಥೆಗಳು
? ಕೇಳೊವಾಕ್ಕೆ, ಅವಾಗ ಕೇಳ್ತಾನೆ. ಶಿವಾ ನೋಡಪ್ಪಾ ಕೆರೆ
ಯಾತಕ್ಕೋಸ್ಕರ ನಿಲ್ಲೋದಿಲ್ಲ ಅಂದ್ರೇ ಅವನ ಮನೆ ಒಳಗೆ ಅನ್ನದಾನ ಇಲ್ಲ,
ನೀರುದಾನ ಇಲ್ಲ, ವಸ್ತ್ರದಾನ ಇಲ್ಲ, ಪರರ ಸೊತ್ತನ್ನ ಅವನು
ಅಪಹರಿಸ್ಕೊಂಡು ಬರ್ತಾನೆ. ಪರರಿಗೆ ಅನ್...",0.01020408163265306,0.00510204081632653,0.0,0.01020408163265306,0.0,0.0,0.0,0.0,0.0,0.0,care.virtue,2
71,"ಅನ್ನದಾನದ ಫಲ 71
ಕರ್ಯೊಂಬಂದಿದ್ದೀಯಲ್ಲ? ಯಾರಪ್ಪ ? ಏನಪ್ಪ ?'' ಕೇಳ್ದಾ. ಸ್ವಾಮಿ ಅದಂಗಿರ್ಲಿ
ಆಮೇಲೆ ಹೇಳ್ತೀನಿ. ಕಳಿಸಿದ ಉತ್ತರಕ್ಕೆ ಪ್ರಶ್ನೆಗೆ
ತಂದ್ದಿದ್ದೀನಿ ಸ್ವಾಮಿ ಅಂದ. ಶಿವನ್ನ ಕಂಡೇನಪ್ಪಾ ? ಕಂಡೇ ಸ್ವಾಮಿ; ಏನಪ್ಪ? ಏನಿಲ್ಲ
ಸ್ವಾಮಿ....",0.012875536480686695,0.0,0.0,0.0,0.0,0.0,0.0,0.0,0.0,0.0,care.virtue,3
72,"72 ಜನಪದ ಕಥೆಗಳು
ಆವಾಗ ನಾಗೇಂದ್ರ ಪ್ರಾಣಬಿಡುವಾಗ ಇನ್ನೊಂದು ವರ ಹೇಳಿದ್ದಂತೆ:
""""ನೋಡಪ್ಪಾ ನೀನು ಇಲ್ಲಿಂದ ಮನೆಗೋಗ್ಬೆಕಾದ್ರೆ, ಹಣ ಅಷ್ಟ ಐಶ್ವರ್ಯವನ್ನೆಲ್ಲಾ
ಹೊತ್ಕೊಂಡುಹೋಗ್ಬೇಕಾದ್ರೆ, ನೀನು ಇರತಕ್ಕಂಥ ಗುಡಿಸ್ಲುಮನೆ ಹೋಗ್ಲೀ,
ಅರಮನೆಯಾಗ್ಲೀ ...",0.030973451327433628,0.0,0.0,0.0,0.0,0.0,0.0,0.0,0.0,0.0,care.virtue,7
73,"ಸಿರಿತನ ಬಡತನ 73
ಕಥೆ ಎಲ್ಲಾನೂ ಕೇಳಿ ನೋಡಪ್ಪಾ ಅದಕ್ಕೋಸ್ಕರವೇ ಕಂದ ಅನ್ನದಿಂದ
ಫಲ? ಅನ್ನದಾನವನ್ನು ಯಾತಕ್ಕಾಗಿ ತಾಯಿ ಮಾಡ್ತಿದ್ದಾಳೆ? ಅನ್ನೋದು ಅರಿತ್ಕೋ
ಮಗನೇ. ಸತ್ರೂ ನಿನ್ನ ವಾಕ್ಕ ನೀನು ಉಳಿಸ್ಟೇಕು ಮಗನೇ ಮಗನ್ನ
ಕೇಳ್ಳೊಂಡ್ಲಂತೆ. ಅದರಿಂದಾ...",0.017241379310344827,0.0,0.0,0.0,0.0,0.0,0.0,0.0,0.005747126436781609,0.0,care.virtue,3
74,"74 ಜನಪದ ಕಥೆಗಳು
ಆಯ್ತಮ್ಮ ಈವತ್ತ್‌ ರಾತ್ರೇ ತಿಂಡಿ ತೀರ್ಥ, ಸ್ನಾನಮಾಡಿ ಬಟ್ಟೆ ಬರೇ ಅಚ್ಚುಕಟ್ಟಾಗಿ
ಇಟ್‌ಕೊಂಡು ಈವತ್ತು ರಾತ್ರಿ ನನ್‌ ಮಂಚದ ಮ್ಯಾಲೇ ಸುಖವಾಗಿ ಮನಗಿದ್ದು ನಿನ್‌
ಗಂಡನ ಮನೇಗೆ ಹೋಗು. ನಿನಗೆ ಬರಬಾರ್ದು ಕಷ್ಟವೇ ಭಗವಂತ ಕೊಟ್‌ ಬ...",0.0,0.0,0.0,0.0,0.0,0.0,0.0,0.0,0.009389671361502348,0.0,sanctity.virtue,2
75,"ಸಿರಿತನ ಬಡತನ 75
ರೀತಿ ಬಡಸ್ತನ ಬಿಡ್ತು. ಬೀದಿಬೀದಿಗೂ ಹೊತ್‌ಕೊಂಡ್‌ ತಿರುಗಿ ಸೌದೆ
ತಂದು ಅಲ್ಲಿ ಮಾರಿಕೊಂಡು ಅಕ್ಕಿ ಕೊಂಡ್‌ಕೊಂಡು ಆಯಮ್ಮ ಅಡಿಗೆ
ಗಿಡಿಗೆ ಮಾಡ್‌ಕೊಂಡು ತಿನ್‌ಬೇಕು. ರೀತಿ ಬಡಸ್ತನ ಕೊಟ್ಟುಬಿಟ್ಟ ಭಗವಂತ.
ಯಾರಿಗೆ? ಅಣ್ಣಂಗೂ. ಅತ...",0.0,0.0,0.0,0.0,0.0,0.0,0.0,0.0,0.0045045045045045045,0.0,sanctity.virtue,1
76,"76 ಜನಪದ ಕಥೆಗಳು
ನಮ್ಮಣ್ಣ ನಮ್ಮನೆಗೆ ಬರೂತ್ಲೂವೇ ಒಂದ್‌ ಕಡೆ ನೀರು ಕಾಯ್ದಿ, ಚೆನ್ನಾಗಿ ಸ್ನಾನ
ಮಾಡ್ಸಿ, ಎಣ್ಣೆ ನೀರ್‌ ಹಾಕಿ ನಮ್ಮಣ್ಣಂಗೆ ಕ್ಲೀನಾಗಿ ಬಟ್ಟೆ ಬರೇ ಕೊಟ್ಟು, ಕ್ಲೀನಾಗಿ ಅವನ್ಗೆ
ಸ್ನಾನ ಮಾಡ್ಲಿ, ಊಟಕ್ಕೆ ಬಡ್ಡಿ, ಕಳಿಸ್ತೀನಿ ಹೇಳ...",0.013215859030837005,0.004405286343612335,0.0,0.0,0.0,0.0,0.0,0.0,0.01762114537444934,0.004405286343612335,sanctity.virtue,4
77,"ಸಿರಿತನ ಬಡತನ 77
ಇವರಣ್ಣಂಗೆ ಅವತ್ತು ಇವಳ್‌ ಹೇಳ್‌ ಬಿಟ್ಲು. ಮಗನಿಗೆ ಇವತ್ತು ನಾಮಕರಣ.
ಇವತ್ತು ನೀನೆ ಸೌದೆ ಹೊತ್ಕೊಂಬರ್ತಾ ಇದೇಯಲ್ಲ? ಇವತ್ತು ನಾಮಕರಣಕ್ಕೆ
ಬೇಕಾದಷ್ಟು ಸೌದೆ ತಂದು ಹಾಕಪ್ಪ ವಹಿಸಿಬಿಟ್ಟ. ಯಾರು ಬಾಮೈದ್ನ. ಇವಳಿಗೆ
ಗೊತ್ತು. ಬ...",0.004347826086956522,0.0,0.0,0.0,0.0,0.0,0.0,0.0,0.0,0.0,care.virtue,1
78,"78 ಜನಪದ ಕಥೆಗಳು
ಬುಡ್ಡೇ ಹೋದನೇನೇ ಏಳ್‌ಬಿಟ್ಟು. ಅಹ್ಹಹ ಅವತ್ತು ಮಾತೇ ಅಂದಿದ್ದೆ.
ಮುಂಡೇ ನನ್ಗೆ ಗೊಡ್ಡು ಮುಂಡೆ ನಾ ಅಂದಿದ್ದ , ಗಂಡು ಮಗ ಆಗಿದ್ದಕ್ಕೆ ನನ್‌
ಕರೆದು ಊಟಕೆ ಇಟ್‌ ಬಿಟ್ಟು ಮಾತ್‌ ಅಂತಾಳಲ್ಲ. ಅಂದ್‌ಬಿಟ್ಟು ಇವ್ಳಿಗೆ ಇಲ್ಲದ
ನಾಚ...",0.009302325581395349,0.0,0.0,0.0,0.0,0.0,0.0,0.0,0.013953488372093023,0.0,sanctity.virtue,3
79,"ಕಾಲ ಬಂದಾಗ ಬರೋಣ 79
ಸ್ಪಾ ನಮಾಡಿ ಕೈ ಮುಗಿಯೋವಾಗ ಬರೋಣ, ಕಾಲ ಬಂದಾಗ ಬರೋಣ'' ಅಂತದಲ್ಲ
ಇದಕ್ಕೆ ಏನ್ನಾ ತೋಡಿ ಎಂಡ್ತಿ ಕೇಳಿದ್ದ ಂತೆ. ಎಂಡ್ತಿ ಕೇಳ್ತೂ ಲೂವೇ """"ಬರೋದಿದ್ರೆ ೧
ಬಂದ್ಬುಡೋಗು'' ಅಂದ್ಲಂತೆ. ಅವಳು ಮನೆ ಒಳಗೆ ಬೇಕಾದಂಗೆ ಅಡಿಗೆ ಮಾಡಿ...",0.021739130434782608,0.0,0.0,0.0,0.0,0.0,0.0,0.0,0.0,0.0,care.virtue,5
80,"80 ಜನಪದ ಕಥೆಗಳು
ಆಮೇಲೆ ಅಲ್ಲೋ ಗಿ ಸ್ವಲ್ಪ ಪಾತ್ರೆ ಕೊಡಪ್ಪ. ಮಕ್ಕಳಿಗೆ ಅಕ್ಕಿ ಬೇಯಿಸ್ಕೊಡ್ತೀನಿ. ಅಪ್ಪ
ಪಾತ್ರೆ ತೂತಾದ್ರೇ ಹೆಂಡ್ತೀನ ಕಳಿಸ್ಕೊಡ್ತೀನಿ ಕೊಡಪ್ಪ ಅಂದ. ಆಮೇಲೆ ಅವಾಗ
ಏನ್ಮಾಡ್ದ ? ಪಾತ್ರೆ ಕೊಟ್ಟ. ತಗೊಂಬಂದ್ರು, ಅಕ್ಕಿ ಸುರಿದ್ರ...",0.014018691588785047,0.0,0.0,0.0,0.0,0.0,0.0,0.0,0.004672897196261682,0.0,care.virtue,3
81,"ಕಾಲ ಬಂದಾಗ ಬರೋಣ 81
ಇನ್ನೊಂದು ಪಟ್ಟದ ದೊರೆ; ದೊರೆ ಮಗಳು ಯಾರು ಬಂದ್ರೂ ಒಪ್ಪಲ್ಲಾ.
ಸೀಮೆ ದೊರೆ ಬಂದ್ರೂ ಒಪ್ಪಲ್ಲ. ಆನೆ ಯಾರಿಗ್ದೋಗಿ ಹಾರ ಆಕ್ತದೇ ನೋಡು.
ಅವರನ್ನ ಮದ್ವೆ ಆಯ್ತೀನಿ ಟಾಮ್‌ ಟಾಮ್‌ ಹೊಡಿಸಿದ್ದು. ಟಾಮ್‌
ಟಾಮ್‌ ಮಾಡಿಸೂತ್ಲೂವೇ ಸ...",0.021645021645021644,0.0,0.0,0.0,0.0,0.0,0.008658008658008658,0.0,0.004329004329004329,0.004329004329004329,care.virtue,5
82,"82 ಜನಪದ ಕಥೆಗಳು
ಒಳಗೆ ಕೊಚ್ಕೊಂಡೋದ. ಆಮೇಲೆ ತಾಯಿನ ಸಂನ್ಯಾಸಿ ಕರ್ಕೊಂಡೋಗಿದ್ರು.
ಈವಾಗ ಇಲ್ಲೆಲ್ಲಾ ಸೇರ್ಕೊಂಡಿದ್ದೀವಿ. ತಂದೆ ಸಿಕ್ಲಿಲ್ಲ ತೊರೆ ಒಳಗೆ
ಕೊಚ್ಕೊಂಡೋಗಿಬಿಟ್ಟ. ಹುಡುಗ್ರು ಹಿಂದಿನಿಂದ ಹೇಳ್ಬಿಟ್ರು. ಇವೇ
ಮಕ್ಳು, ಇವ್ಳೇ ಎಂಡ್ತೀ. ...",0.011904761904761904,0.0,0.0,0.0,0.0,0.0,0.011904761904761904,0.0,0.005952380952380952,0.0,care.virtue,2
83,"ಅನಾಥ ಹೆಣ್ಣು 4 83
ಹೊರಟುಹೋದ.
ದೊರೆಯ ಮಗಳನ್ನು ಬಿಟ್ಟುಹೋದ ಅವನು ಪಟ್ಟಣಕ್ಕೆ ಹೋಗಿ ಸೇರಿದ.
ವರ್ಷಗಳು ಕಳೆಯಿತು. ಹುಡುಗ ಮದುವೆ ವಯಸ್ಸಿಗೆ ಬಂದ. ತನ್ನ ತಂದೆ ತಾಯಿಗಳಲ್ಲಿ
ಹೆಣ್ಣು ಹುಡುಕಲು ತಿಳಿಸಿದ. ಹೆಣ್ಣು ಹುಡುಕುತ್ತಾ ಹುಡುಕುತ್ತಾ ದೊರೆಯ...",0.011627906976744186,0.011627906976744186,0.0,0.0,0.0,0.0,0.005813953488372093,0.0,0.01744186046511628,0.0,sanctity.virtue,3
84,"84 ಜನಪದ ಕಥೆಗಳು
ಮಾಡ್ಬೇಕಲ್ಲ ಏನ್ಮಾಡೋದು ಅಂದ್ಕೊಂಡಿರ್ವಾಗ ರಾಕ್ಷಸಿ ಪಟ್ನದಲ್ಲಿ ಸೂಜಿತೋರೈ ಹೊಗೆ
ಆಡ್ತಾಇತ್ತು. ಅಲ್ಲಿಗೆ ಹುಡುಗಿ ಹೋಯ್ತು. ಅಲ್ಲಿ ರಾಕ್ಷಸಿ ಇರ್ಲಿಲ್ಲ. ಅವಳ ಮಗಳಿದ್ದು.
ನಮ್ಮವ್ವ ಬಂದ್ರೆ ತಿನ್ನು ಕೊತಾಳೆ. ಇಷ್ಟೊಂದು ಚಂದಾಗ...",0.005208333333333333,0.0,0.0,0.0,0.0,0.0,0.0,0.0,0.005208333333333333,0.005208333333333333,care.virtue,1
85,"ಅನಾಥ ಹೆಣ್ಣು 85
ಗಿಣಿಗಳು ಕಾಲುತೊಳೀಲಿಕ್ಕೆ ನೀರು ತಕ್ಕೊಂಡ್ಬಾ ಅಂದೋ.
ಗಿಣೀಲಿ ಕುಂಟ ಗಿಣಿ ಇತ್ತು. ಕಾಲು ತೊಳೀಲಿಕ್ಕೆ ಇನ್ನೊಂದು ಚೊಂಬು ನೀರು
ತಕ್ಕೊಂಡ್ಬಾ ಅಂದಾಗ ಹುಡ್ಗಿ ವಿಷದ ಹಲ್ಲ ತುಳಿದ್ದಿಟ್ಟು. ವಿಷದ ಹಲ್ಲಿನ ವಿಷ
ಅವಳ್ಗೆ ಸೇರಿ ಹುಡ್...",0.028901734104046242,0.0,0.0,0.0,0.0,0.0,0.0,0.0,0.0,0.023121387283236993,care.virtue,5
86,"86 ಜನಪದ ಕಥೆಗಳು
ಊಟ ಮಾಡಕ್ಕೊಂಬಿಟ್ರು. ಅಣ್ಣ ಅಲ್ಲೊಂದು ರಾಕ್ಷಸಿ ಐತೆ ಊಟ ತಕ್ಕೊಂಬಾ
ಕೇಳುತ್ತೆ. ಊಟ ಇಲ್ಲವಲ್ಲ ಏನ್‌ ಮಾಡ್ಲಣ್ಣ ಅಂದ್ಲು. ""ಲೇ ಕುಂಟ ನಿನಗೇನ್‌ ಕೆಲ್ಸ
ಐತೆ? ತಂಗೀನ ತಕ್ಕೊಂಡ್ಹೋಗಿ ಮನೆಗೆ ಬಿಟ್‌ ಬಾ ಅಂತಂದ್ರು. ತಂಗಿ ಕರ್‌ಕ್...",0.02531645569620253,0.004219409282700422,0.0,0.0,0.0,0.0,0.0,0.0,0.008438818565400843,0.016877637130801686,care.virtue,6
87,"ಅಣ ತಂಗಿ 87 ಣ
ಅಂತಲ? ನಾನ್‌ ಹೇಳಿದಷ್ಟು ಕೇಳಿರೋ ಇಲ್ವೋ ಅಂದ ಎತ್ಯೋತಾರೆ.
ಅದಕ್ಕೂ ಮುಂಚೆ ಹೋಗ್ತಾ ಇರಬೇಕಾದ್ರೆ ಬುತ್ತಿ ಊಟ ಮಾಡಕೆ ಹೋಗ್ತಾರೆ.
ಮೊಸರನ್ನ ಆರೂ ಜನರೂದುನೂ ನೀರಾಗಿ ಬಿಟ್ಟಿರ್ರದೆ. ಅದನ್ನ ಎಲ್ಲರಿಗೂ ಕೊಡ್ತಾನೆ.
ನೀವೇನೂ ಊಟ ಮಾಡ್...",0.017857142857142856,0.0,0.0,0.0,0.0,0.0,0.0,0.0,0.008928571428571428,0.017857142857142856,care.virtue,4
88,"88 ಜನಪದ ಕಥೆಗಳು
ಇಲ್ಲ. ""ನನ್ನ೦ತೂ ಸಾಯ್ದಿಲ್ಲ. ಬೇಯ್ಲಿಕೊಂಡು ಮಾಡ್ಕೊಂಡು ಇದ್ದೀನಿ. ನೀವ್‌ ಯಾಕೆ
ಬರೋಕೋದ್ರಿ ಅಣ್ಣ” ಅ೦ತ ಅಂದ್ಲು.
ನೋಡಮ್ಮ ತಂಗಿ ನಿನ್ನ ಬಿಟ್ಟಿರೋಕಾಗ್ದೆ ಬಂದಿದ್ದೀವಿ. ಸತ್ರೇ ಇಲ್ಲೇ ಸಾಯ್‌
ಬೇಕು ನಾವು. ಅಂಗಿದ್‌ಮೇಲೆ ಹೊರ...",0.0,0.0,0.0,0.0,0.0,0.0,0.0,0.0,0.004201680672268907,0.008403361344537815,sanctity.vice,2
89,"ಮುಂಡೇರು 89
ಅಂದಾಗ, ಹಲಗೆ ಇರದಲ್ಲ ಅದನ್ನೇ ತೋರ್ಲುತಾನೆ. ""ನಿನ್‌ ಹಲ್ಲು ರೀತಿಯಾಗಿದೆ'
ಅಂಥ ನಿನ್‌ ಬಾಯಿ ನಿನ್‌ ಹಲ್ಲು ನೋಡಿದ್ದಾಯ್ತು. ನಿನ್‌ ಅಬ್ಬರ ತೋರ್ಸು ನೋಡೋಣ.
ದನಿ ಜೋರಾಗಿದೆ. ಅಂಥ. ಕತ್ತೆ ತಿಕ್ಕೆ ಕಟ್ಟಿರುವೆ ಬಿಟ್ಟ ಕತ್ತೆ ಜೋರಾಗ...",0.0,0.0,0.0,0.0,0.0,0.0,0.0,0.0,0.0,0.015789473684210527,sanctity.vice,3
90,"90 ಜನಪದ ಕಥೆಗಳು
ಅಯ್ಯೋ ಎಂಗವ್ಳೈ ದೊರಸಾನಿ ಅಂತೇಳಿ ಚಾಡಿ ಯೇಳ್ಬುಟ್ರು. ಅವಾಗ ದೊರೆಸಾನಿ
ಏನೆಂದ್‌ಬುಟ್ಲು . ನಾನೊಂದುಪಾಯ ಹೇಳ್ಕೊಡ್ತೀನಿ. ಆಯಮ್ಮನ್ನೆ ಕಣ್ಣಿಗ್‌ ಬಟ್ಟೆ
ಕಟ್ಟುಡಿ. ಕಣ್ಣಿಗ್‌ ಬಟ್ಟೆ ಕಟ್ಟುಟ್ಟು ಅನ್ನೆರ್ದುಕಾಲ್‌ ಏಣಿ ಹಾಕ್ಬು...",0.0,0.0,0.0,0.0,0.0,0.0,0.0,0.0,0.0,0.0,,0
91,"ಮುಂಡೇರು 91
ಒಂದಿವ್ಸಲ್ಲ ಒಂದಿವ್ದ ಏನಂತ ಕೇಳ್ಹೊ ಮಕ್ಳುಗೋಳು. ""ತಂದೆ ಸ್ವಲ್ಪ
ಮೇಲ್ಲ ಡಿಕೆ ವೋಗ್ಫುಟ್ಟು ಆಡ್ಕಂಬತ್ತೀವಿ ತಂದೆ''. ಅಯ್ಯೋ ಅಪ್ಪ ಬ್ಯಾಡ್ರಪ್ಪ
ಮ್ಯಾಲುಕ್ಕೋಗಬ್ಯಾಡಿ. ಇಲ್ಲೆ ಒಳ್‌ಗಡೀಕ್‌ ಆಡಿ ಯೇಳಿದ್ರೂ ಕೇಳ್ತಿಲ್ಲ. ಮೇಲ್ಲಡಿಕ್...",0.004273504273504274,0.0,0.0,0.0,0.0,0.0,0.008547008547008548,0.0,0.01282051282051282,0.0,sanctity.virtue,3
92,"92 ಜನಪದ ಕಥೆಗಳು
ನಾಗೇಂದ್ರ ಮಾಡ್ಬುಟ್ಟು ಸಾಯ್ಕಬುಟ್ಟ. ಅಚ್ಸಟ್ಟಾಗಿ ಸಾಯ್ಯಂಬುಟ್ಟು ಗಂಡ್ಮಕ್ಸಿಗೆಲ್ಲಾ ಚಂಡು
ಬುಗ್ರಿ, ಹೆಮ್ಮಕ್ಕಿಗೆಲ್ಲ ವೂವೂ. ವೂ ತರಕ್ಕೆ ಒಬ್ಬು ವೂವಾಡ್ಗಿತ್ತಿ ಗೊತ್ಮಾಡ್‌ಬುಟ್ರು.
ನಾಗೇಂದ್ರಪಟ್ಟಕೆ, ""ನೋಡಮ್ಮ ವೂ ತಂದ್‌ಕ...",0.0,0.0,0.0,0.0,0.0,0.0,0.0,0.0,0.0,0.0,,0
93,"ಮೂರುಜನ ಮುಂಡೇರು 93
ನೋಡಾನ ಬನ್ನಿ ಅಂತೇಳಿ ಕರ್ಯಬಂದ್ರು. ಕರ್ಯಂಬಂದಾಗ ಯಾಕ್ರಪ್ಪ ? ಏನ್ರಪ್ಪ ? ಇಂಗೆ
ಸತ್‌ವೋಗ್ಬುಡ್ಮು ಸ್ವಾಮಿ, ಕಜ್ಜಾಯ ತಿನಬುಡ್ತು. ನಮ್ಮಕ್ಕ ಇಂಗೆ ಸತ್‌ವೋಗ್ಬ್ಟುಡ್ತು. ನಾವ್‌
ಇಪ್ಪತ್ತೊಂದ್ಹನ ಇದ್ದೊ. ಇಪ್ಪತ್ವನ ಆಗ್ಬುಟ...",0.0038022813688212928,0.0,0.0,0.0,0.0,0.0,0.0,0.0,0.0,0.0,care.virtue,1
94,"94 ಕನ್ನ ಡ ಜನಪದ ಕಥೆಗಳು
ಅಯಮ್ಮ ಗರ್ಭಿಣಿ ಆದಾಗ ಗೌಡೀರ್ಗೆ ಏಳ್ದನಕ್ಕೊವೆ ಆಗ್ಲೆ ಮಾಡಿದ್ರಂತೆ. ಈಯಮ್ಮನ
ಕಷ್ಟ ಸುಖಗೋಳೆಲ್ಲಾ ನಿಮಿಗೆವೊಂದಿದ್ದು. ಅವಾಗ ವುಚ್‌ದೊರೆ ಎಲ್ಲೋ ವೋಗಿದ್ದಾಗ,
ಆಯಮ್ಮನ್ಗೆ ಕಷ್ಟವಾಯ ಂತೆ. ಇವು ಏಳ್ವನ ಗೌಡೀರ್ನವೆ ಕರ್ದ...",0.0,0.010309278350515464,0.0,0.0,0.0,0.0,0.0,0.0,0.005154639175257732,0.0,care.vice,2
95,"ಹೆಂಡತಿಯ ಮಿಂಡ 95
ಗಾಳಿಹಣ್ಣು ಹುಡುಕುತ್ತಾ ಇದ್ದಾ. ಆಮೇಲೆ ಕಡೆ ವೋಗೊವ ಅಂತ, ಕಲ್ಲು ಕಡಿದು
ನೋಡೋಣ ನೆಟ್ಟಾನೇ ಕಲ್ಲು ಕಿತ್ತ. ಆಮೇಲೆ ಹಾಳುಗಿಡ ನೋಡೋಣ
ಗಾಳಿಹಣ್ಣು... ಹಿಡಿಯಾಕಾಗ್ತಿಲ್ಲ... ಆಮೇಲೆ ನೀರಿಗೋಗೊನು ನೀರುಮಟ್ಟ ನೋಡ್ತಾ
ಕೂತ್ಕೊಂಡ. ...",0.004424778761061947,0.008849557522123894,0.0,0.0,0.0,0.0,0.0,0.0,0.0,0.0,care.vice,2
96,"96 ಜನಪದ ಕಥೆಗಳು
ಆಮೇಲೆ: ಕರ್ಕೊಂಡೋಯ್ತಾಲೂವೆ ಕುಡಿಯಾಕೆ ತಣ್ಣಗೆ ಒಂದಿಷ್ಟು ಹಾಲು ಕೊಡವ್ವ
ಅಂದ್ಲು ಮುದುಕಿ. ಅವಳು ಕೊಟ್ಟ ಹಾಲು ಕುಡಿದಳು. ಕೂತ್ಕೊಂಡ್ಳು ಮುದುಕಿ ದೇವ್ರ
ಗೂಡೇಮರದ ಪಕ್ಕದಲ್ಲಿ. ಒಂದ್‌ ಹೊತ್ನಲ್ಲಿ ಅಲ್ಲಿ ಗೌಡ್ರ ಮಗ ಬಂದ್ರು,
ಅ...",0.015151515151515152,0.0,0.0,0.0,0.0,0.0,0.0,0.0,0.0,0.005050505050505051,care.virtue,3
97,"ಹೆಂಡತಿಯ ಮಿಂಡ 97
ಹೆಂಡ್ರು. ಅಕ್ಕಿ ಜೊತೆ ಬೀಸ್‌ಕ್ಕೊಂತ. ಗಂಡನ ಕಳಿಸಿದ್ದಲ್ಲ ? ಗಂಡಂಗೆ ಹಾವು ಕಡೀಲಿ,
ಚೇಳು ಕಡೀಲಿ, ಅಂಕವ ಹೇಳಿದ್ದು. ನನ ಗಂಡ ಬರೋ ದಾರೀಲೀ ಅವನು ಮನಿಗ್‌
ಬರದಂಗೆ ಅವನಿಗೆ ಹಾವು ಚೇಳು ಕಡಿದು ಸತ್ತೋಗ್ಬಿಡ್ಲೀ, ನೆಟ್ಟಾನೆ ಕಲ...",0.0,0.0,0.0,0.0,0.0,0.0,0.0,0.0,0.0,0.0,,0
98,"೧೮. ಮರಗೋಟಿ
ಚುಂಚನಗಿರಿ ಅನ್ನೋದು ಪಟ್ಟ. ಊರ್ನಾಗೇ ಗಂಡ ಎಂಡ್ತಿ ಇಬ್ರೂ
ಆಳೀದ್ರೂ. ಅವರ್ಗೆ ದಿನಾ ಆದ್ರೂ ಮಕ್ಳು ಆಗ್ಲೇ ಇಲ್ಲ. ಏನ್ಮಾಡಿದ್ರೂ? ಭೈರೂ
ಸ್ವಾಮೀಗೆ ಹೋಗ್ಬಿಟ್ಟು ""ಸ್ವಾಮಿ ನಂಗೆ ದಿನಾ ಆದ್ರೂ ಮಕ್ಕಳಾಗ್ಲಿವಲ್ಲ.
ಮಕ್ಕಳ ಕೊಡ್ಬೇಕು, ವ...",0.0196078431372549,0.0,0.0,0.0,0.004901960784313725,0.0,0.0,0.0,0.0,0.0,care.virtue,4
99,"ಮರಗೋಟಿ 99
ಮಾವಿನಣ್ಣು ಬಿದ್ದಿತ್ತು. ಮಾವಿನಹಣ್ಣು ಬೀಳ್ತೂಲೂವೆ ""ಅಣ್ಣಯ್ಯ ಒಂದ್‌
ಹಣ್ಣು ಬಿದೈತೆ ಅಂದ್ಲು ಹೆಣ್‌ ಮಗು; ಅವ್ವ ಹಣ್ಣು ಬಿದ್ದಿದ್ರೆ ತಗೊಂಡು ತಿನ್ನು ಅಂದ.
ತಿನ್ನಾಕ್‌ತಕಂಡು ನೋಡೋದ್ರೊಳ್ಗೆ ಒಳ್ಳೇ ಹುಳಾ ಅದರಾಗೊಂದು. ಅಣ್ಣಯ್ಯ
ಇ...",0.00851063829787234,0.0,0.0,0.0,0.0,0.0,0.0,0.0,0.0,0.0,care.virtue,2
100,"100 ಜನಪದ ಕಥೆಗಳು
ಇವ್ನು ಮಕ್ಳು ಸತ್ಟೇಲೆ ನಾನಿನ್ಯಾಕೆ ಇರೋಣ 7 ಗಂಡಗಾತ್ರ ಆಗ್ತೀನಿ
ಹೇಳಿತ್ತಲ್ಲ? ದೇವ್ರಿಗೆ ಹುಳ ? ಆತರ ಕಾಯ್ತಾ ಮಕ್ಳುನ, ಉಳಾ ಕಾಯ್ತಾ
ಇತು. ಉಳದರೂಪದಲ್ಲಿ ದೇವ್ರು ಕಾಯ್ದಾ ಇತ್ತು. ಮಕ್ಳು ಬೆಂಕಿಗೆ
ವಿದ್ದು ಸತ್ತೋದ್ವು ಹೇಳ...",0.008403361344537815,0.0,0.0,0.0,0.0,0.0,0.0,0.0,0.0,0.0,care.virtue,2
101,"ಮರಗೋಟಿ 101
ಹುಟ್ಟಿ ಹೆಣ್ಮಗಳು ಆದ್ರೆ ಬಳೇಬಂಗಾರ್ತಿ ಹೆಸ್ರು ಕಟ್ಟು. ಅಣ್ಣನ ಮಗ ಆದವ್ನೇ
ಮುದ್ರೆ ಕುಮಾರ, ತಂಗೇ ಮಗಳು ಆದವೈೇ ಬಳೆಬಂಗಾರ್ತಿ. ಗುರ್ತು ಬಿಟ್ರೆ ನಮ್ಗೆ
ಇನ್ನೇನು ಗುರ್ತು ನಮಗೆ. ನಿನ್ನ ದಾರೀಲಿ ನೀನು ವೋಗು. ದಾರೀಲಿ ನಾನ್‌
ವೋಗ್...",0.0,0.0,0.0,0.0,0.0,0.0,0.0,0.0,0.004405286343612335,0.004405286343612335,sanctity.virtue,1
102,"102 ಜನಪದ ಕಥೆಗಳು
ರಾಜ ಏನ್ಮಾಡ್ಬಿಟ್ಟ ? ಎಲೆಲೆ ಈಟ್‌ತನ್ಯ ಹೊಡ್ಡಿರ್ಲಿಲ್ಲ ಹುಲಿಯಾ. ಇವತ್ತು
ಹೊಡಿದ್ದಲ್ಲ ಅಂತ, ಮಡಿವಾಳ ಶೆಟ್ಟಿಗೆ ಮದ್ವೆ ಮಾಡಾತಗ ಹೊರಟ್ರು. ಹೋಗೋವಾಗ
ನಿಮ್ಮಂಥ ಯಜಮಾನ್ರು ವೋಗ್ಮಾ ಇದ್ರು. ವೋಗ್ತಾ ಇರೋವಾಗ ಇನ್ನಾ ಅಲ್ಲಿ, ಎ...",0.007407407407407408,0.0,0.0,0.0,0.0,0.0,0.011111111111111112,0.0,0.0,0.0,authority.virtue,3
103,"ಮರಗೋಟಿ 103
ಅಂದ. ಇಷ್ಟು ಗಾತ್ರ ಮಿಳ್ಳೆ ಒಳ್ಗೆ ಇನ್ನೆಷ್ಟು ಕೊಡಬಹುದು? ಕೊಟ್ಟು ನೀರು ಅವ್ಳು.
ನೀರು ಕೊಟ್ಟಾಗ, ನೀರ್‌ ತಕ್ಕೊಂಡು ಕೈಗೆ ಇಸ್ಕೊಂಡು ಇಷ್ಟ್‌ ಗಾತ್ರ ಮಿಳ್ಳೆ ಒಳ್ಗೆ
ನೀರು ಕೊಟ್ಟಲ್ಲ 9 ಅಷ್ಟು ಗಾತ್ರ ಮಿಳ್ಳೆ ಒಳ್ಗೆ ನೀರು ಕೊಡ್ತ...",0.0038022813688212928,0.0,0.0,0.0,0.0,0.0,0.0,0.0,0.0,0.0,care.virtue,1
104,"104 ಜನಪದ ಕಥೆಗಳು
ನಿನ್ನೆಸ್ರು ನನ್ಗೊತ್ತಿಲ್ಲ. ಹೆಸ್ರು ನಿನ್ನೆ ಗೊತ್ತಿಲ್ಲ. ಮದ್ವೆ ಮಕ್ಳಾಗಿ ಹೆಣ್‌
ಮಗಳು ಹುಟ್ಟಿದ್ರೇ ಬಳೆ ಬಂಗಾರತಿ ಹೆಸ್ರುಕಟ್ಟಿ. ಗಂಡು ಮಗ ಹುಟ್ಟಿದರೆ
ಮುದ್ರೆಕುಮಾರ ಅಂಥ ಹೆಸ್ರು ಕಟ್ತೀನಿ. ಮುದ್ರೆಕುಮಾರ ಅನ್ನೋದೆ ಅಣ್...",0.012448132780082987,0.0,0.0,0.0,0.0,0.0,0.004149377593360996,0.0,0.0,0.0,care.virtue,3
105,"ಮರಗೋಟಿ 105
ಹೇಳಿ, ಹೇಳ್ತಿ ಯೆನೆ ಬಳೆಬಂಗಾರತಿ ನಿಮ್ಮವ್ವನ ಕೈಯಲ್ಲಿ ಅಂದ್ರು. ನಾನ್‌
ಹೇಳ್ತಿ ನಿ ಬಿಡಕ್ಕ, ನೀನು ಇನ್ಯಕ್‌ ಬರ್ತಿ ೀಯಾ ಅಂದ್ಲು. ಇವ್ಳು ಹೇಳ್ಲಿಲ್ಲ ಅವರವ್ವನ
ಕೂಟೆ.
ನಿಮ್ಮಣ್ಣನ ಮಗ ಅಂತೆ ಮುದ್ರೆ ಬಂಗಾರ ಹೇಳ್ಲಿಲ್ಲ ಅವ್ಳು. ಇ...",0.01532567049808429,0.0,0.0,0.0,0.0,0.0,0.0,0.0,0.0,0.0,care.virtue,4
106,"106 ಜನಪದ ಕಥೆಗಳು
ಮಾಡಿದ್ದಲ್ಲ ೨ಆ ಜಾಗಕ್ಕೆ ಏರಿ ಇಳಿದು, ಇಳಿದಾಗ, ಇವು ತೊಟ್ಟು ಬಿಟ್ಟು
ಮ್ಯಾಕೆ ಏಳ್ಲಿಲ್ಲ. ಎಣೀನ್‌ ದಡದಾಗೆ ಕುಂತಿರ್ವಾಳೆ.
ಆಲದಮರದ ಮ್ಯಾಲೆ ಎರಡಕ್ಕಿ ಗಂಡಸೇ ಗಂಡಸೇ ನನಗೊಂದು ಕಥೆನಾದ್ರೂ
ಹೇಳ್ಬಾರ್ದಾ ? ಅಂತು. ಇವ್ಳಿಗೆ ದಿ...",0.004830917874396135,0.0,0.0,0.0,0.0,0.0,0.0,0.0,0.004830917874396135,0.0,care.virtue,1
107,"ಮರಗೋಟಿ 107
ಅಪ್ಪ ಮಾಡೊಷ್ಟು ಬದುಕೈತೆ. ತಿನ್ನೋಷ್ಟು ಅನ್ನೈತೆ. ಅವಳು ಇದ್ರೇ ಏನ್ಮಾಡ್ತಾಳೆ ?
ಕಸ ನೀರು ಮಾಡ್ಕೊಂಡು ಇರ್ಮಾಳೆ. ನೀನು ಇನ್ನೊಬ್ಬಳನ್ನ ಮದ್ವೆ ಮಾಡ್ಕೋಳಿವಂತೆ ಇರು
ಅವಳನ್ನು ಅಲ್ಲೆ ಇಟ್ಕೊಂಡ್ರು.
ಅವ್ಳು ಮರ ತೆಗೆಯೊಲ್ಲ ಏನಿಲ್ಲ. ...",0.017316017316017316,0.0,0.0,0.0,0.0,0.0,0.0,0.0,0.008658008658008658,0.008658008658008658,care.virtue,4
108,"108 ಜನಪದ ಕಥೆಗಳು
ಯುತ್ತೇನಮ್ಮ ಅಂದ್ಲು. ಅಷ್ಟು ಮಾತ್‌ ಹೇಳ್ಬಿಟ್ಟು ಎದ್ದು ಬಂದ್‌ಬಿಟ್ಲು. ಮರ
ತಗಲಾಕ್ಕೊಂಡ್ಲು. ವೊಂಟ್‌ಬಿಟ್ಲು.
ಇವ್ರು ಹೆಣ್‌ ನೋಡ್ಕೊಂಡು ವೋಗಿದ್ರಲ್ಲ 9 ನಮ್ಮೆ ಣ್ಣಿಗೂ ಅಂಗೇ ಮಾಡೋಣ
ತಡೀ ಅಂದ್ರು. ಚೌರದವರನ್ನ ಕರ್ಕೊಂಬಂದು...",0.01762114537444934,0.0,0.0,0.0,0.0,0.0,0.0,0.0,0.0,0.00881057268722467,care.virtue,4
109,"ಮರಗೋಟಿ 109
ಮಲಗ್ಗಿದ್ರು. ನೀನು ನೋಡ್ಕೊಂಡ್‌ ವೋದ ಹೆಣ್ಣು ಸಾಯ್ತು ತಿರ್ಗಾ
ಅಂಗಂದ್ರು. ಅಲ್ಲಿಗೆ ಎರಡೂ ವೋದ್ವ 9 ಅಲ್ಲಿಗೇನ್‌ ಏಳ್ದಾ ಅವ್ನು ? ಅಯ್ಯೋ ನಾನ್‌
ಎಲ್ಲಿಗೋದ್ರೂವೇ ಇಂತ ಕಡೆ ಕಾಲಿಟ್ಟಾಗ ಇಂಗ ಆಯ್ತೆ, ಇಂತ ಹೆಣ್ಣೇ ಹಿಂಗ್‌ ಆಯ್ತು,
...",0.0078125,0.0,0.0,0.0,0.0,0.0,0.0,0.0,0.00390625,0.0078125,care.virtue,2
110,"110 ಜನಪದ ಕಥೆಗಳು
ದೊಂಬರಾಟ ಆಡಿಸದು ಯವಾಗ 9 ಕೇಳಿದಳು ತಾಯಿ. ಈವತ್ತು ವೀಳ್ಯ
ಕೊಟ್ಟಂದಿದ್ದೀನಿ, ಬತ್ತಾರೆ ಕಣವ್ವ ಸಾಯಂಕಾಲದೊತ್ತಿಗೆ ದೊಂಬರಾಟ ಆಡ್ತಾರೆ. ಆತು
ಒಳ್ಳೇದ್‌ ತಗೋ. ಇವ್ಳು ಕೇಳ್ಕೊಂಡಿದ್ದು. ಇವ್ಳು ಸಾಯಂಕಾಲ ಎಂಟು ಗಂಟೆ ತನ್ಕ ಬರ್ದ...",0.016877637130801686,0.0,0.0,0.0,0.0,0.0,0.0,0.0,0.0,0.0,care.virtue,4
111,"ಮರಗೋಟಿ 111
ಹೋಗ್ಬಿಟ್ಟ ಮನೆಗೆ ಬಂದ. ಬಂದವ್ನೇ ಏನ್ಮಾಡ್ಬಿಟ್ಟ? ಸೀದಾ ದೊಂಬರಾಟಕ್ಕೆ ಹೋದ.
ಇವ್ಳು ಆಗ್ಲೇ ಮರ ತಗಲಾಕ್ಕೊಂಡು ಗಂಡನೂ ಅತ್ತೆನೂ ಬರೋದ್ರಗಾಗಿ ದನ ಈಚೆಗ್‌
ಅಟ್ಟಿ, ಕಸಗೂಡಿಸ್ಕೊಂಡು, ಬಾಗಿಲಿಗೆ ಬೆಳಗಿ ರಂಗೋಲಿ ಬಿಟ್ಟು, ಕುಡ್ಲು ತಗೊ...",0.014018691588785047,0.0,0.0,0.0,0.009345794392523364,0.0,0.0,0.0,0.004672897196261682,0.0,care.virtue,3
112,"112 ಜನಪದ ಕಥೆಗಳು
ಇವ್ನೇನು ಮಾಡ್ದ ? ಇವತ್ತು ಎಂತೂ ಅತ್ತೆಮಗಳೆ ಬರೋಳು ನೋಡ್ಲೇಬೇಕು
ಅಂದ. ಇವನೋಗೋ ದಾರಿ ಒಳಗೆ ಖುರ್ಚಿ ಚೇರು ಹಾಕ್ಕೊಂಡ. ಕೂತ್ಕೊಂಡ.
ಕೂತ್ಕೋಣೊ ಹೊತ್ಸೇ... ಇವಳೇನು ಮಾಡಿದ್ದು ? ಇವಳಿಗೆ ಊಟವು ಏನೂ ಇಲ್ಲ.
ದಡದಡನೇ ಹುಲ್ಲು ಬಡ...",0.01834862385321101,0.0,0.0,0.0,0.0,0.0,0.0,0.0,0.009174311926605505,0.0045871559633027525,care.virtue,4
113,"ಅಣ್ಣ ಂದಿರನ್ನು ಸಾಯಿಸಿದ ತಂಗಿ 113
ಅಲ್ಲೊಂದು ಕೋತಿ ಅಡ್ಡ ಅಕ್ಕೊಂಬಿಡ್ತು. ಅಡ್ಡ ಅಕ್ಕೊಂಬಿಟ್ಟು ಊಟನೆಲ್ಲಾ
ತಿನ್ಕೊಂಬಿಡ್ತು. ಊಟನೆಲ್ಲಾ ಕಿತ್ಕೊಂಡು ತಿನ್ನೂಲೂವೇ ""ಅಯ್ಯೋ ಊಟನೆಲ್ಲಾ
ಕಿತ್ಕೊಂಡು ತಿಂದ್ಬಿಡ್ತಲ್ಲಾ, ಇನ್ನೇನು ಮಾಡದೋ'' ಹೇಳಿ, ...",0.004219409282700422,0.004219409282700422,0.0,0.0,0.0,0.0,0.004219409282700422,0.0,0.0,0.0,care.virtue,1
114,"114 ಜನಪದ ಕಥೆಗಳು
ಇದ್ದು. ಕಿತ್ಯೋಳಕ್ಕೆ ಹೋದೆ. ಅವೇನು ಅಂದೋ """"ಮುಟ್ಟದಿರು, ಮುಟ್ಟದಿರು
ಬಳೆಗಾರಶೆಟ್ಟಿ. ಮುಟ್ಟಿದ್ರೇ ಹೂವು ಬಾಡ್ಯವು. ತಾಯಿ ಕುಟ್ಟೆ ಚಾಡಿ ಹೇಳಿ, ಕೋತಿಕುಟ್ಟೆ
ಸರಸ ಆಡಿ, ತಂದೆಕುಟ್ಟೆ ತಲೆಹೊಡಿಸವೈ ತಂಗಿಯಮ್ಮ ಅಂದ್ರು. ಅದರಗ...",0.028089887640449437,0.0,0.0,0.0,0.0,0.0,0.0,0.0,0.0,0.0,care.virtue,5
115,"ಗೌಡನ ಮಗ 115
ಇದ್ದಂಗೆ ತಲೆ ಮೇಲೆರಡು ಅಕ್ಕಿಕಾಳು ಆಕ್ರೀವಿ. ಮೊರ್ತಾ ಮಾಡ್ತೀವಿ. ಮದ್ವೆ ಆಗಪ್ಪು. ಎಲ್ಲಿ
ಎಣ್‌ ನೋಡ್ಕೊಂಬರ್ತೀಯೋ ಅಲ್ಲಿ ನೋಡ್ಕೊಂಬಾ ಹೇಳಿದ್ರು.
ಏಳುತ್ಲ್ಸೆಯಾ ಇವ್ನೇನು ಮಾಡ್ದ ? ಓದಾ. ಬಡಗೀ ಮನೆಗೇ ಓದಾ. ಬಡಗೀ
ಮನಗೋಗಿ ಅವನುದ...",0.004739336492890996,0.0,0.0,0.0,0.0,0.0,0.004739336492890996,0.0,0.0,0.0,care.virtue,1
116,"116 ಜನಪದ ಕಥೆಗಳು
ಮನಿಕ್ಕೋತೀನಿ. ಏಕಾ ಸಮ ಸಿಗುಳಬೇಕು ನನ್ನ. ಸಿಗುಳುಬಿಟ್ಟು ನೀನು ಪತಿವ್ರತೆ
ಆಗಿದ್ರೆ, ಪೆಟ್ಟಿಗೇಲಿ ಗಂಡು, ಎಣ್ಣು ಆಯ್ತೀವಿ. ಎಣ್ಣು ನನಗೇ
ಮದ್ವೆ ಮಾಡ್ಬೇಕು. ಕಣ್ಣೀರಾಕ್ಕೂಡದು. ಸಂತೋಷದಿಂದ ಸಿಗ್ಗು ಪೆಟ್ಟಿಗೆ ಬೀಗ
ಹಾಕ್ಬೇಕ...",0.01020408163265306,0.00510204081632653,0.03571428571428571,0.0,0.0,0.0,0.00510204081632653,0.0,0.00510204081632653,0.0,fairness.virtue,7
117,"ಗೌಡನ ಮಗ ಕ 117
ಕರ್ಫೊಂಡೋಯ್ತಲೇಯಾ ಇವ್ಳು ಹೋದ್ದಂತೆ. 'ಹೋಗಿ ಕೂತ್ಕೊಂಡ್ರು.
ನ್ಯಾಯದೋರೆಲ್ಲಾ. ಏಳೂರು ಗೌಡಗಳು ಕೂತ್ಕೊಂಡ್ರು. ಈಯಪ್ಪನೂ ಓಗೀ
ಕೂತ್ಕೊ ೦ಡ. ನ್ಯಾಯ ಅವತ್ತು ಮೂರುಗಂಟೆ ಟೇಮಿಗೆ ನ್ಯಾಯ ತೀರ್ಮಾನ ಆಗೋಯ್ತು.
ರು ರಾಜಿ ಆಗ್ಟಿ ಟ್ಟರು...",0.008064516129032258,0.0,0.012096774193548387,0.0,0.0,0.0,0.004032258064516129,0.0,0.004032258064516129,0.0,fairness.virtue,3
118,"118 ಜನಪದ ಕಥೆಗಳು
ಬೂಡ್ಟೂಳಗಿತ್ತು, ಕಚ್ಚಿ ಬಿಡ್ತು. ಕಚ್ಚಿದ್ರೇ ಏನೋ ಕಚ್ಚಿಡ್ತು ಬೂಡ್ತು ಬಿಚ್ಚಿಟ್ಟ.
ನೋಡ್ತಾರೆ ಹಾವು. ಅಯ್ಯೊ ಬೂಡ್ಡನೊಳಗೆ ಸೇರ್ಕೊಂಬಿಟ್ಟಿದೆ. ಅನ್ಯಾಯದಲ್ಲಿ ನ್ಯಾಯ
ಮಾಡಕ ಬಂದವ್ನ, ಅವನ್ನ ಹೆಂಡ್ರು ಮುಂಡೆ ಮಾಡಿದ್ವಲ್ಲ ಹೇ...",0.0,0.0,0.02,0.0,0.0,0.0,0.0,0.0,0.0,0.0,fairness.virtue,4
119,"ಗೌಡನ ಮಗ 119
ಅಂದ. ಹೇಳೊ ಕಥೆ ಒಡಿತೀನಿ, ಹೇಳೋ ಕಥೆ ಒಡೀರಿ. ನೀನು
ಹೇಳಿದ ಕಥೆ ಒಡೆದೆ ಹೋದ್ರೆ ಸಿರಿಗಂಧದ ಕೆಂಡಕೊಂಡ ಆಯ್ತೀನಿ ಅಂದ.
ಹೇಳಿದ ಕಥೆ ನೀನು ಒಡಿದೆ ಹೋದ್ರೆ ನೀನು ಸಿರಿಗಂಧದ ಸೌದೇಲಿ ಕೆಂಡಕೊಂಡ
ಹೇಳಿದ ಗಂಡ.
ಗಂಡ ಏನ್ಮಾಡ್ದ 9 ಇನ್ನೆಂ...",0.0,0.0,0.0,0.0,0.004672897196261682,0.0,0.0,0.0,0.0,0.0,loyalty.virtue,1
120,"120 ಜನಪದ ಕಥೆಗಳು
ಗುಡಿ ಒಳಗೇ ಕೂತಿದ್ದು ಕೋಳಿ ಕೂಗಿದ್ದು ಕೋಳಿ ಶಬ್ದ ಕೇಳಿ ಹೋಗಾಣ
ಇವ್ಳೇನು ಮಾಡಿದ್ದು? ಗುಡೀ ಒಳಕ್ಕೋಗಿ ಕೂತ್ಕೊಂಡ್ಲು. ನಾನೀ ಕೈ ಎಣ್ಣೇ ದೀಪ ಇಕ್ಕಿ
ತೀವಲ್ಲಾ ದೀಪಗಳು ಹೋಗಿ ಅಲ್ಲಿ ಮಾತ್ತಾಡ್ತಾವೆ. ಏನಂಥ ಮಾತಾಡ್ತಾವೆ ?
ದೀಪ...",0.0,0.0,0.0,0.0,0.0,0.0,0.0,0.0,0.0045045045045045045,0.009009009009009009,sanctity.vice,2
121,"ಗೌಡನ ಮಗ ' 121
ಅಯ್ಯೋ ಅವರಕ್ಕ ಓಡೋಡಿ ಬರ್ತಾಳೆ ತಾಳಪ್ಪ ಇಳಿಸಿದ್ರೂ.
ಅಮ್ಯಾಕೇ ಅಲ್ಲಿಂದ ಬಂದವ್ಳೇ ಬಡಕ್ಕೊಂಡು ಚಚ್ಕೊಂಡು ನೋಡ್ರಪ್ಪಾ ಅವಕ್ಷರ
ಓದ್ಕೊಂಡು ತಮ್ಮನ್ನ ಕೆಂಡಕೊಂಡ ಮಾಡೀ ತೋರಿದ್ದು.
ಅವಾಗೆಲ್ಲಾ ಓದ್ಕೊಂಬಿಟ್ರು. ಅಲ್ಲಿ ಓದ್ಕೊಂಡು ಅ...",0.024539877300613498,0.006134969325153374,0.0,0.0,0.0,0.0,0.006134969325153374,0.0,0.006134969325153374,0.0,care.virtue,4
122,"122 ಜನಪದ ಕಥೆಗಳು
ಅವಾಗ ಯಜಮಾನ್ರನ ಎಬ್ಬಿಸಿದ್ದು. ದಿವ್ಸ ಒಂದುತರವಾಗಿ
ಮಲಿಕ್ಕೊಣೋರು ಅತ್ತೇಮಾವ, ಈವತ್ತು ತರವಾಗಿ ಮಲಕ್ಕೊಂಡವ್ರೇ.
ಭಯ ಆತದೇ ಬರ್ರಿ ಅಂದ್ಲು. ""ಏನು ಮಾತು ಹೇಳ್ತಿಯಾ ? ವೋಗು' ಅಂದ.
ಹೇಳಿದ್ರು ಕೇಳ್ಲಿಲ್ಲ. ""ನೀವು ಬಂದೇ ಬರಬೇಕ...",0.013761467889908258,0.0,0.0,0.0,0.0045871559633027525,0.0,0.013761467889908258,0.0,0.0,0.013761467889908258,care.virtue,3
123,"ಸತ್ತ ಗಂಡನನ್ನು ಬದುಕಿಸಿಕೊಂಡಿದ್ದು 123
ಅವಾಗ ಅಕ್ಕಪಕ್ಕದವ್ರನ್ನ ಕೇಳೋದಾಯ್ತು. ““ಏನು ? ನಮ್ಮೆ ಜಮಾನ್ರು ಪೂಜೆ
ಮಾಡಾಕೋಗಿದ್ದೇ ಅವ್ರ ತಂದೆ ತಾಯಿ ಸಮಾಧಿ ಬಂದಾಗಿಂದ ಮಾತಾಡ್ಲೇ ಇಲ್ವಲ್ಲ.
ನಾನೇನು ಮಾಡೋದು ? ಈತರ ಮಾಡ್ತಾ ಅವ್ರೆ. ಐದು ಆದ್ರೂ ...",0.008888888888888889,0.0,0.0,0.0,0.0044444444444444444,0.0,0.008888888888888889,0.0,0.0,0.0,care.virtue,2
124,"124 ಜನಪದ ಕಥೆಗಳು
ಕಾಲಕಡೆ ಊಣಿದ್ರು. ಈಯಪ್ಪ ಎದ್ದು ಕೂತ್ಕೊಂಡ. ರಾಜ ಎದ್ದು ಕೂತ್ಕೊಂಡು ಊಟ
ಮಾಡ್ದ. ಬೇಕಾದಂಗೇ ದಾಯಿ ಪಗಡೇ ಆಡಿದ್ರು. ಐದು ಗಂಟೆ ಆಯ್ತು. ಕಾಲಕಡೆ
ಕಿತ್ತು, ತಲೆ ಕಡೇ ಊಣಿದ್ರು. ಹೊರಟ್ಟಿಟ್ರು. ಅವ್ರು ದೇಶಕ್ಕೆ ಹೋಗ್ಬಿಟ್ರು.
ಹ...",0.02127659574468085,0.01276595744680851,0.0,0.0,0.0,0.0,0.00851063829787234,0.0,0.0,0.00425531914893617,care.virtue,5
125,"ಸತ್ತ ಗಂಡನನ್ನು ಬದುಕಿಸಿಕೊಂಡಿದ್ದು 125
ಅವಾಗ ಹೋದ್ಲು. ರೀತಿ ಬೇಕಾದಂಥ ಮುತ್ತು ರತ್ನ ಮಡ್ಲಲ್ಲಿ ಕಟ್ಕೊಂಡು
ಹೋಗ್ಬಿಟ್ಟು. ಅಲ್ಲಿ ವೋಗಿ ಆಲದಮರದಡೀ ಕೂತ್ಕೊಂಬಿಟ್ಲು. ಆಮೇಲೆ ಮರದ
ಹತ್ತಿ ಕೂತ್ಕೊಂಡ್ಲು. ಇವು ಬಂದ್ರು ನಾಲ್ವರೂನು. ಹೂವು, ಗಂಧ
ಬ...",0.016666666666666666,0.020833333333333332,0.0,0.004166666666666667,0.0,0.0,0.008333333333333333,0.0,0.0,0.004166666666666667,care.vice,5
126,"126 ಜನಪದ ಕಥೆಗಳು
ನಿನಗೆಲ್ಲೀ ಸಾಧ್ಯ Hs ನೀನೋಗ್ಬಿಡು ಹಿಂದಕ್ಕೆ ಅಂದ. ಮಾತ್ರಕ್ಕೂ ಪಟ್ಟಕ್ಕೆ
ಹಿಂದಕ್ಕೆ ಹೋಗಲ್ಲ. ನಿಮ್ಮನ್ನ ಕರ್ಯೊಂಡೋಗಗಂಟ ಹೋಗಲ್ಲ ಅಂದ್ವಿಟ್ಟು.
ಅವಾಗ ನಿಮ್ಮಷ್ಟಕ್ಕೆ ನೀವಿರಿ, ಎಥಾ ಪ್ರಕಾರದಂತೆ ಕೈಲೀ ಅಂಥ ಹೇಳ್ಬಿಟ್ಟು,
ದ...",0.0051813471502590676,0.0051813471502590676,0.0,0.0,0.0,0.0,0.0,0.0,0.0051813471502590676,0.0,care.virtue,1
127,"೨೨. ಮಳೆ ದೇವೇಂದ್ರ
ಪಟ್ಟ ಅಂತೆ. ಪಟ್ಟದಲ್ಲಿ ಒಬ್ಬ ದೊರೆ ಅಂತೆ. ದೊರಿಗೆ ಆರು
ಗಂಡು ಮಕ್ಳು ಅಂತೆ. ಆರು ಗಂಡುಮಕ್ಳು ಆದ್ರೆ ಒಬ್ಬಳೇ ಒಬ್ಳು ಮಗಳಂತೆ. ಕಡೇವ್ಸು.
ಒಬ್ಬಳೇ ಒಬ್ಬು ಮಗಳಾದ್ರೇ ಮಗಳಿಗೆ, ನರಮನಸ್ರು ನೋಡಂಗಿಲ್ಲ. ಅಯಮ್ನ
ನರಮನಸ್ರು ನೋಡ...",0.008928571428571428,0.0,0.0,0.0,0.0,0.0,0.008928571428571428,0.0,0.0,0.004464285714285714,care.virtue,2
128,"128 ಜನಪದ ಕಥೆಗಳು
ಅವ್ರ ದೇಶಕ್ಕೆ ಅವ್ರು. ರೀತಿ ಮಾಡ್ತಾ ಇದ್ರ. ರೀತಿ ಫಸ್ಟು ಆನಂದ
ಐಶ್ವರ್ಯದಿಂದ ಇದ್ರು.
ಇರೋ ಹೊತ್ಸೆ """"ನೀವೀಗೆ ಇದ್ರೆ ಆಗೋಗ್ತ್ಯದ 9 ಏನಾನ ದೇಶದ್ದು
ನಂಗೊಂದು ಉಡುಗೊರೆ ತಂದ್ಯೊಡ್ಬೇಕು'' ಅಂದ್ಲು. ಉಡುಗೊರೆ
ತಂದ್ಯೋಡ್ತಿರಿ?...",0.0,0.0,0.0,0.0,0.0,0.0,0.0,0.0,0.0,0.0,,0
129,"ಮಳೆ ದೇವೇಂದ್ರ 129
ಇವತ್ತು ಬಡಕ್ಕೊಂತಾ ರಾಜನ ಮಗ್ಳು ನೋಡಿ. ಪಟ್ಣ ದೊಪ್ಪನೆ ಬಿತ್ತು.
ಎತ್ಕೊಂಡು ಓಹೋ ದೇವೆಂದ್ರ ಕಳಿಸೋದೆ ರವಿಕೆ. ಹೇಳೋಗಿದ್ರಲ್ಲ ಉಡುಗೊರೆ
ಏನಾರೂ ಕಳಿಸ್ತೀನಿ ಅಂತ. ಈವತ್ತು ಜ್ಞಾಪಕಕ್ಕೆ ಕಳಿಸವ್ರೇ ಅಂತ, ಹೇಳಿದ್ರು
ತಕ್ಕೊಂಡೋ...",0.011363636363636364,0.0,0.0,0.0,0.0,0.0,0.005681818181818182,0.0,0.0,0.005681818181818182,care.virtue,2
130,"130 ಜನಪದ ಕಥೆಗಳು
ಒಳಗಡೆನೇ ಮಿಂಚು ಮಿಂಚಿದ ತಕ್ಷಣವೇ ಹನ್ನೆರಡು ಅಂತಸ್ತಿನ
ಪಳಪಳನೇ ಉದರೋಗಿ ಬಿಡ್ತು. ಮಿಂಚು ಮಿಂಚ್ತಾನೆ.
ಕಳಕ್ಕೆ ಬಿದ್ದೋದ್ರು ಈಯಮ್ಮ. ಬಿದ್ದೋತ್ಸನೇ ಏಕವಾಗಿ ಎಲ್ಲೂ ಇಲ್ಲದ ಮಳೆ
ಬರಿಸ್ಟಿಟ್ಟ. ಮಳೆ ಬರ್ಲಿದಾಗ ಈಯಮ್ಮನ್ನ ನಾಲ್...",0.03553299492385787,0.005076142131979695,0.0,0.0,0.0,0.0,0.0,0.0,0.0,0.01015228426395939,care.virtue,7
131,"ಮಳೆ ದೇವೇಂದ್ರ | 131
ಹೆಂಡತಿನ ಬಿಟ್ಟುಬಿಟ್ಟು, ಹನ್ನೆರಡು ಅಂತಸ್ತಿನ ಹ್ಯಾಗಿತ್ತೋ ಪುನಃ ಅದೇತರ
ಮಾಡಿಬಿಟ್ಟು, ಆಕಾಶದಷ್ಟು ಹಸೆ ಉಯ್ಕಿಸಿ ಭೂಮಿ ತಾಯಿಯಷ್ಟು ಚಪ್ಪರ ಹಾಕ್ಸಿ,
ಅವಾಗ ಲಗ್ನ ಆಗೋಗ್ತಾರೆ.
ಹೇಳಿದವರು : ಯಶೋದಮ್ಮ ತಿಪ್ಪುಪುರ, ವೀರಪು...",0.0,0.0,0.0,0.0,0.0,0.0,0.005555555555555556,0.0,0.0,0.0,authority.virtue,1
132,"132 ಜನಪದ ಕಥೆಗಳು
ಅವಾಗ ಸಾವಿರ ಎತ್ತಿ ಕೈಗೆ ಕೊಟ್ರು. ಹೋಗಿ ಏನಾದ್ರೂ ವ್ಯಾಪಾರ ಮಾಡ್ರಿ.
ಇದ್ರಾಗೆ ಬದುಕ್ರೀ ಹೇಳಿದ್ರು. ಅದನ್‌ ತಕ್ಕೊಂಡ್ರು, ನಿಮ್ಮಂತ ಯಜಮಾನ್ರನ್ನ
ಬಂದ್‌ ಕೇಳಿದ್ರು, ದುಡ್‌ ತಕ್ಕೊಂಡ್ಹೋಗಿ ನಾನ್‌ ಏನ್‌ ಸಾಮಿ ಅಂತ.
ತೌಡು ವ...",0.0,0.0,0.0,0.0,0.0,0.0,0.00411522633744856,0.0,0.0,0.00823045267489712,sanctity.vice,2
133,"ಅದೃಷ್ಟದ ಆಟ 133
ಕೊಡ್ತೀನಿ. ಕಸಕೊಡು ಕೇಳಿದ್ರು. ಅವಾಗ ಸಾವಿರ ಕೊಟ್ಟ. ಕಸ ಎತ್ತಿ
ಕೊಟ್ಟು. ಕೈಗೆ ಚಿನ್ನ ಕುಂತದೆ, ಬಂಗಾರ ಆಗಿ. ಅವಾಗ ಮೀನು ಮೀನ್ನೆಲ್ಲಾ
ಕೊಯ್ದು ಒಪ್ಪ ಕ್ಲೀನ್‌ ಮಡಗಿದ್ರೆಲ್ಲ ? ಬಂಗಾರ ಆಗೋಗಿ ಬಿಟ್ಟಿದೆ.
ಆದರೊಳಗೇನೇ ಬಂಗಾರ ...",0.010869565217391304,0.0,0.0,0.0,0.0,0.0,0.005434782608695652,0.0,0.016304347826086956,0.005434782608695652,sanctity.virtue,3
134,"೨೪. ಹೆಣ್ಣು ಹುಡುಕಲು ಹೋದದ್ದು
ಒಂದೂರಿನಲ್ಲಿ ಒಬ್ಬಾಕೆ ಇದ್ದ. ಅವಳಿಗೊಬ್ಬ ಮಗ ಇದ್ದ. ಮಗ ಮದುವೆ ವಯಸ್ಸಿಗೆ
ಬಂದ. ತಾಯಿ ಮಗನನ್ನು ಕರೆದು """"ಮಗನೇ ನನಗೂ ಮನೆಯಲ್ಲಿ ಒಬ್ಬಳೇ ಇದ್ದು
ಸಾಕಾಗಿದೆ. ನೀನು ಮದುವೆ ವಯಸ್ಸಿಗೆ ಬಂದಿದ್ದೀಯ. ನಿನಗೆ ಮದುವೆ...",0.023923444976076555,0.0,0.0,0.0,0.0,0.0,0.0,0.0,0.028708133971291867,0.0,sanctity.virtue,6
135,"ಹೆಣ್ಣು ಹುಡುಕಲು ಹೋದದ್ದು 135
ಹುಡುಗ ಹೇಳಜ್ಜ ಪರಮಾತ್ಮ ಎಲ್ಲಿದ್ದಾನೆ ಎನ್ನಲು, ಅಜ್ಜ ""ಮೊದಲು ಮೈ ಕೆರೆ
.ನಂತರ ಅಲ್ಲಿರೋ ನೀರುಬಾವಿಲಿ ಕೈ ತೊಳಿ, ಹಾಲು ಬಾವಿಲ್ಲಿರೊ ಹಾಲು ಕುಡಿದುಕೊಂಡು
ಬಾ' ಎಂದ. ಹುಡುಗ ಪರಪರ ಅಜ್ಜನ ಮೈ ಬೇಗಬೇಗ ಕೆರದು ಕೈತ...",0.02727272727272727,0.0,0.0,0.0,0.0,0.0,0.004545454545454545,0.0,0.0,0.0,care.virtue,6
136,"೨೫. ಸತ್ತ ರಾಜಕುಮಾರನ ಕಥೆ
ಒಬ್ಬ ರಾಜರಂತೆ. ಒಬ್‌ರಾಜರ್ಗೆ ಒಬೈಒಬ್ರು ಮಗನಂತೆ. ಅವ್ರೇನ್ಮಾಡಿದ್ರು?
ಅನ್ನೆರಡ್‌ವರ್ಸ ತುಂಬತಕ ಇದ್ರು. ಅನ್ನೆರಡ್‌ವರ್ಸಕಾಲ ತುಂಬಿದ ಅವರ್ಗೆ
ಮರಣಗಾಲ ಬಂದ್‌ಬುಡ್ತು. ಇನ್ಯಾರು ಎಣ್‌ಮಕ್ಳು ಇಲ್ಲಾ, ಗಂಡ್‌ಮಕ್ಳು ಇಲ...",0.018018018018018018,0.0,0.0,0.0,0.0,0.0,0.018018018018018018,0.0,0.0045045045045045045,0.0,care.virtue,4
137,"ಸತ್ತ ರಾಜಕುಮಾರನ ಕಥೆ 137
ಆಯಪ್ಪ ಕರ್ತವ್ಯ ನಾವ್‌ ಮುಗಿಸ್ತೀವಿ, ಇನ್‌ ನೀನ್‌ ಏನ್ಗತಿನಾರ ಆಗಮ್ಮ
ನಿಮ್‌ತಾಯಿ ಮನೆಗಾರ ವೋಗು, ಎಲ್ಲಾರ ವೋಗ್‌ಬುಡು ಅನ್‌ಬುಟ್ಟು,
ವೋಯ್ತಾಯಿದ್ರು. ವೋಯ್ತಾ ಇರಬೇಕಾದ್ರೆ ಎಣ್‌ಮಗ ಏನ್ಮಾಡ್ಬುಡ್ತು, ಇಲ್ಲಾ
ಬರ್ತೀನ...",0.004219409282700422,0.0,0.0,0.0,0.0,0.0,0.004219409282700422,0.0,0.004219409282700422,0.0,care.virtue,1
138,"138 ಜನಪದ ಕಥೆಗಳು
ನಿಮ್ಮಸೊಸೆ ನಿಮ್ಮಗ ಚೆಂದಾಗವ್ರೆ. ಸತ್‌ಕುಮಾರನ ಆಯಮ್ಮ ಜೀವ ಮಾಡ್ಕಂಡವೈ. ಬನ್ನಿ
ರಾಜರೇ ಕರದ್ರು. ಏ ವೋಗೊ ಸುಳ್‌ ಏಳ್‌ತೀಯಾ ನೀನು. ಸತ್‌ವೋಗಿದ್‌ ಮಗನ
ಬೆಂಕಿ ಇಟ್‌ಬುಟ್ಟು ಬಂದಿದೀವಿ ನಾವು. ಜೀವಾಗವ್ನೇಂತ ಹೇಳ್ತ ಇದ್ದೀಯ ಅಂ...",0.005405405405405406,0.0,0.0,0.0,0.0,0.0,0.0,0.0,0.0,0.005405405405405406,care.virtue,1
139,"ಹೆಣ್ಣು ಯಾರಿಗಾಗಚೇಕು? 139
ಮಾಡಿಬಿಟ್ರು. ಒಬ್ಬ ಬಂದ್ಲಂತೆ. """"ಎಲ್ಲಪ್ಪ ನಿನ್ನ ಮಗಳು'' ? ಇ """"ಸತ್ತೋದ್ಲು.'' ಎಲ್ಲಿ ಅಲ್ಲಿ
ಅಂದ. ಅಲ್ಲಿ ಗುಡ್ಲಾಕಂಡ್‌ ಕೂತ್ಕಂಡ. ಇನ್ನೊಬ್ಬ ಜ್‌ ಎಲ್ಲಪ್ಪ ನಿನ್‌ ಮಗಳು ?
""ಸತ್ತೋದ್ಲು.'' """"ಯಾ ಸ್ಥಳದಲ್ಲಿ?...",0.0,0.0,0.0,0.0,0.0,0.0,0.006172839506172839,0.0,0.0,0.0,authority.virtue,1
140,"140 ಜನಪದ ಕಥೆಗಳು
ಮಾಡಿದ್ರೂ ಮಕ್ಕಳೇ ಇರಲಿಲ್ಲ. ಕುಲಭಕ್ತಿಗೆ ದೇವತೆ ನಮ್‌ ಭೂಮಿ ತಾಯಿ ಅಲ್ವ
ಅಂದ್‌ ಬಿಟ್ಟು ಅಯಮ್ಮ ತಿಳಕೊಂಡ್‌ವೋಗಿ ಹುತದ್‌ ಪೂಜೆ ಮಾಡಿದ್ದು, ಪುತ್ರನ್ನ
ಪಡೆದ್ದು.
ಪುತ್ರಂಗೆ ಅಷ್ಟಾಗಿ ಇಷ್ಟಾಗಿ ಹನ್ನೆ ರಡು ವರ್ಷದ ಮಗ ಅತು. ...",0.004608294930875576,0.0,0.0,0.0,0.0,0.0,0.0,0.0,0.009216589861751152,0.0,sanctity.virtue,2
141,"ಮಗನನ್ನು ಕೊಂದವೆಳು | 141
ಕೊಡ ಇಳಿಸಿದ್ದು. ಮಗೀಗೆ ಕಡ್ಲೆ ಪುರಿ ತಂದ್ಲು. ಮಗೀನ್‌ ಜೋಬಿಗೆ
ತುಂಬಿದ್ದು, ಆಡಾಕ್‌ ಕಳಿಸಿದ್ದು. ಆಡಕ್‌ ಕಳಿಸತ್ಲೂವೇ ಇವ್ರ ಒಳಗವ್ರೆ. ಒಳೀಕೆ.
ಮಂಚದ ಮ್ಯಾಲೇ ಮಲಿಕ್ಕೊಂಡ. ಮೊಗ ಅಲ್ಲಿ ಆಡ್ಕೊಂಡು ಕಡ್ಲೆಪುರಿ
ತಿಂದ...",0.02510460251046025,0.0,0.0,0.0,0.0041841004184100415,0.0,0.008368200836820083,0.0,0.0,0.0,care.virtue,6
142,"142 ಕನ್ನ ಡ ಜನಪದ ಕಥೆಗಳು
ಮಗಾ ದಂಡಿನಲ್ಲಿ ಇರೋ ದೊರೆಗೆ ಸ್ವಪ್ನಕ್ಕೊಂಟೋದ. ಯಾರಿಗೆ ? ದಂಡಿನ
ದೊರೆಗೆ. ಸ್ವಪ್ನಕ್ಕೆ ಓದ. ಇವ್ಳು ಚಾಪೇಲಿ ಸುತ್ತಿ ಕಟ್ಟಿದ್ದಲ್ಲ ? ತಕ್ಷಣವೇ ಸ್ವಪ್ನಕ್ಕೆ
ವೊಂಟೋಗ್ಟಿಟ್ಟ.
""""ನೋಡಪ್ಪ ಯಾವನೋ ನೀನ್‌ ದಂಡಿಗೇ ಮ್ಯ...",0.03587443946188341,0.0,0.0,0.0,0.0,0.0,0.013452914798206279,0.0,0.03587443946188341,0.0,care.virtue,8
143,"ಮಗನನ್ನು ಕೊಂದವಳು 143
ಅವ್ನ ಸೌದೆಗೆ ಅಟ್ಟಿಟ್ಟೆ. ಸೌದೆಗ್ನೋಗೌನ್ರೀ ಓಡೋಗ್ಟಿಟ್ಟ. ಸೌದೆ ಕಡೀತಿದ್ರಲ್ಲ
ಹುಡುಗರು 9 ಇಂಗೆ ಜೊತೆಗ್ಡೋಗಿದ್ರಲ್ಲ ಅಲ್ಲಿಗ್ಹೋಗ್ಬಿಟ್ಟ. ತಂದೆ
ಅಲ್ಲಿಗ್ಹೋಗ್ಬಿಟ್ಟ. ಏನಪ್ಪ ಮರೀ ಪಾಪು ನನ್ಮಗ ಬಂದ್ನ ? ಏನ್‌ ದೊರೆ ನ...",0.004484304932735426,0.004484304932735426,0.0,0.0,0.0,0.0,0.008968609865470852,0.0,0.013452914798206279,0.0,sanctity.virtue,3
144,"144 ಜನಪದ ಕಥೆಗಳು
ಮಾಡ್ದಿದ್ದು. ಅವನ್ಗೆ ಊಟ ತಂದ್ಲು. ವಿಷ ಹಾಕಿದ್ದು; ಊಟ ತಂದು ಮುಂದ್‌ಕಿಟ್ಟು.
ಹುಡ್ಗ ಹೇಳಿದ್ದಲ್ಲ ? ಯಾರು? ಮಗ ಹೇಳಿದ್ದಲ್ಲ? ಊಟ ತಿನ್ಬೇಡಪ್ಪ, ತಿನ್ಬೇಕಾದ್ರೆ
ನಾಯಿಗೆ ಹಾಕ್ಟಿಟ್ಟು ತಿನ್ನು ಹೇಳಿದ್ದಲ್ಲ? ನಾಯಿಗೆ ಒಂದ್‌ ...",0.019417475728155338,0.0,0.0,0.0,0.0,0.0,0.0048543689320388345,0.0,0.009708737864077669,0.0048543689320388345,care.virtue,4
145,"ಘನ ಪುಣ್ಯವತಿ 145
ದೊರೆ ಹೆಂಡಿನೂ, ಮಗನ್ನೂ ತರ ಮಾಡ್ಬಿಟ್ಟು ದೊರೆ ಮದುವೆನೂ ಆಗಲಿಲ್ಲ.
ಏನೂ ಆಗ್ಲಿಲ್ಲ. ಮೊದ್ದು ಬಂದವೈ ತರ ಮಾಡವೈೇ: ಇನ್‌ ಬರೋವ್ಳು ಏನ್‌ ಮಾಡ್ತಾಳೋ?
ಯಾಕೆ ಮದುವೆ ಇನ್ಯಾಕೇ? ನಾನ್‌ ಹುತ್ತದ ಪೂಜೆ ಪುತ್ರನ್ನ ಪಡೆದಿದ್ದೆ : ಹಿ...",0.0,0.0,0.0,0.0,0.017045454545454544,0.0,0.0,0.0,0.017045454545454544,0.0,loyalty.virtue,3
146,"146 ಜನಪದ ಕಥೆಗಳು
ಗಂಡಿನೋರು ಮನೇಲಿ ಲಗ್ನ ಮಾಡ್ಬೇಕೂಂತ. ಹೆಣ್ಣಿನೋರು ಮನೇಲಿ ಲಗ್ನ
ಮಾಡ್‌ಬೇಕೂಂತ. ನೀನು ಯಾರ್ವನೆ ಬಾಕ್ತಲ್ಲಿ ಲಗ್ನ ಮಾಡ್ಬೇಕೂಂತ ತೀರ್ಮಾನ ಹೇಳ್ತಿಯೋ
ಅದ್ರಂತೆ ನಡಕಂಡು ಹೊಗ್ಮೀವಿ ಹೇಳಜ್ಜ ಅಂದ್ರು. ಅಜ್ಜನಿಗೆ ಒಳ್ಳೆ ಪಿಕಲಾಟಕ...",0.010471204188481676,0.0,0.0,0.0,0.0,0.0,0.005235602094240838,0.0,0.0,0.0,care.virtue,2
147,"ಘನ ಪುಣ್ಯವತಿ 147
ಉಳಿದಿರೋದು 9'' ಏನಿಲ್ಲ ಮಾವನ ಮನೆ ಉಳಿದಿದೆ. ಅಯ್ಯೋ ಬೇಡಪ್ಪ.
ಮಾವನ ಮನಿಗೆ ಬೇಡ. ನಿರ್ಗತಿಕರಾಗಿದೇವಿ ಅನ್ನೊ ವಿಚಾರ ಅವ್ರಿಗೆ
ತಿಳಿಯೋದು ಬೇಡ, ಬೇಡಪ್ಪಾ; ಅಲ್ಲದೆ ತಂದೆ ಲಗ್ನ ಮಾಡದಂತ
ಕಾಲದಲ್ಲಿ ಬೇಕಾದಷ್ಟು ಐಶ್ವರ್ಯದಲ್ಲಿ...",0.00881057268722467,0.0,0.0,0.0,0.0,0.0,0.004405286343612335,0.0,0.0,0.0,care.virtue,2
148,"148 ಜನಪದ ಕಥೆಗಳು
ನಿನಿಗೆ ಯಾರೂ ಇಲ್ಲವೇನಪ್ಪಾ ? """"ನಮ್ಮನೇಲಿ ಒಪ್ಪತ್ತು ಉಣ್ಣೊಂತೆ ನಡಿಯಪ್ಪ. ““ಸರಿ
ಆಗಲಮ್ಮ''. ಈಕೆ ಬರ್ರಾಯಿದ್ದಾಳೆ. ಅದರಿಂದ್ಲಡೆ ಇವನು ಬರ್ರಾಯಿದಾನೆ.
ಹೆಣ್ಣಿನ ತಂದೆ ಘನ ಪುಣ್ಯವಂತ ಮನೆಮುಂದ್ಗಡೆ ಮಂಚದಮ್ಮಾಲೆ ಕಾಲಮ್ಯಾಲ...",0.017391304347826087,0.0,0.0,0.0,0.0,0.0,0.008695652173913044,0.0,0.0,0.004347826086956522,care.virtue,4
149,"ಘನ ಪುಣ್ಯವತಿ 149
ಕೆಲಸಕ್ಕೆ ಹೋದ. ಈಕೇನು ಏಳ್ಳಿದ್ದು ಇವನ್ನ. ಳ್ಳಿ, ಹೋಗಪ್ಪ ಊರಮುಂದ್ಲ ಬಾಳೇ
ತ್ವಾಟಕೋಗಿ ಕಪಲೆ ಹೊಡಿ. ಆದ್ರೆ ಕಪಲೆಯನ್ನು ಹೊಡಿಯೋದಕ್ಕೆ ಬರುತ್ತದೆಯೇ
ಇವನಿಗೆ? ಸವ್ಯಾರನ ಮಗನಾಗಿದ್ದೋನು. ಹತ್ತುಜನ ಆಳುಗಳ ಕೈಲಿ ಮಾಡಿಸ್ತಿದ್ದ...",0.027906976744186046,0.0,0.0,0.0,0.0,0.0,0.0,0.0,0.0,0.004651162790697674,care.virtue,6
150,"150 ಜನಪದ ಕಥೆಗಳು
ದಿವಸದಲ್ಲೆ ತಂದೆ ತೀರಿದ್ದರಿಂದ, ಸಕಲೈಶ್ವರ್ಯವೆಲ್ಲ ಅದೃಶ್ಯವಾಗೋಯ್ತು.
ಹೊಲಮನೆ ಮಠಗಳನ್ನು ಅವರಿವರು ಕಿತ್ತುಕೊಂಡ್ರು. ಹುಲ್ಲಿನ ಜೋಪಡಿ
ಉಳಕಂತು. ತಾಯಿ ಎಲ್ಲ `ನೋಡಲಾರದೆ ಕಣ್ಣುಮುಚ್ಚಿಕೊಂಡು ಕುಳಿತರು.
ತಾಯಿಗೋಸ್ಕರವಾಗಿ ಪಟ...",0.004807692307692308,0.0,0.0,0.0,0.0,0.0,0.009615384615384616,0.0,0.0,0.0,authority.virtue,2
151,"ಘನ ಪುಣ್ಯವತಿ 151
ಯಾಕಮ್ಮ ಹಾಗಂತಾಯಿದ್ದೀಯ 9 ಅರ್ಧ: ಆಸ್ತಿ ಬೇಕೆ ? ಹತ್ತು ಸಾವ್ರ
ರೂಪಾಯಿ ಬೇಕೆ ? ಬೇಕೂಂತ ಕೇಳು ತಾಯೀ. ಕೊಡುತೀನಿ.
""ಅಯ್ಯೋ' ಅಪ್ಪಾ ಮಗಳೂಂತ ಪ್ರೇಮೇಕ್ಕೋಸ್ಕರವಾಗಿ ಬೇಕಾದಷ್ಟು ವಡನೆ ವಸ್ತುಗಳನ್ನು
ಮಾಡಿಸಿ ಕೊಟ್ಟಿದಿಯಲ್ಲ ?...",0.019801980198019802,0.0049504950495049506,0.0,0.0,0.0049504950495049506,0.0,0.0,0.0,0.019801980198019802,0.0049504950495049506,care.virtue,4
152,"152 ಜನಪದ ಕಥೆಗಳು
ವಾಹನವಾಗಿರತಕ್ಕಂತ ಗರುಡಸ್ವಾಮಿ. ಅಪ್ಪಣೆ ಕೊಟ್‌ಬಿಡಿ. ಈಗಿಂದೀಗಲೆ ಹೋಗಿ
ಆಕೆಗೆ ಐಶ್ವರ್ಯ ಕೊಟ್‌ ಬಂದ್ಬಿಡ್ತೇನಿ. ಹೋಗು ಗರುಡ ಹೋಗು ಆಕಿಗೆ ಐಶ್ವರ್ಯ
ಕೊಟ್‌ ಬಂದ್ಬಿಡು ಅಂದ.
ಗರುಡ ಹಾರಿ ಬರ್ತಾಯಿದ್ದಾನೆ. ಪಟ್ಟದ ದೊರಿ ಹೆಂಡ...",0.014018691588785047,0.0,0.0,0.0,0.0,0.0,0.0,0.0,0.0,0.018691588785046728,sanctity.vice,4
153,"ಘನ ಪುಣ್ಯವತಿ 153
ಇವತ್ತಿನ ದಿವಸ ಗೊತ್ತಾಯ್ತು. ಅಮ್ಮ ನಿನ್ನಂಥ ಪತಿವ್ರತಾ ಇರೋದ್ರಿಂದ
ಸಕಲೈಶ್ವರ್ಯವನ್ನು ದಾನವಾಗಿ ಕೊಡ್ತೇವಿ. ನನ್ನಲ್ಲಿ ಪ್ರಶ್ನೆಗಳನ್ನು
ಬೇಕಾದರೂ ಕೇಳು ತಾಯೀ. `ನೀವು ಕೊಟ್ಟ ಭಾಗ್ಯವೆಲ್ಲ ಇದೆ. ನನಗೇನೂ ಬ್ಯಾಡ.
ಕ್ಷಾತ್ರವಂ...",0.011904761904761904,0.003968253968253968,0.0,0.0,0.0,0.0,0.0,0.0,0.0,0.0,care.virtue,3
154,"154 ಜನಪದ ಕಥೆಗಳು
""ಬ್ಯಾಡಿ ಬೆಳಕು ಅನತಕ್ಕಂತ ಐಶ್ವರ್ಯಕ್ಕಿಂತಲೂ ಕತ್ತಲು ಅನ್ನತಕ್ಕಂತ ಬಡತನವೇ
ಸ್ಥಿರವಾಗಿರಲಿ'. ""ಹಾಗಲ್ಲ ತಾಯೀ. ನೀನು ಹಿಡಿದಿದೀಯಲ್ಲ ಗಂಗೋಧಕ,
ಗಂಗೋದಕದಂದ ನಿನ್ನ ಮಕ್ಳು ಮಕ್ಕಳ ತಲಂತ್ರಕು ಕೈಬಿಟ್ಟು ಹೋಗೋದಿಲ್ಲಾಂತ ಧಾರೆ
ಎ...",0.0,0.0,0.0,0.0,0.0,0.0,0.0048543689320388345,0.0,0.0,0.0,authority.virtue,1
155,"ಜಾಣ ಸೊಸೆ 155
ಗಂಡಿಗೆ ಹೆಣ್ಣಿನ್‌ ಪೋಟ, ಹೆಣ್ಣಿಗೆ ಗಂಡಿನ ಪೋಟಾನ ತೋರಿಸಿದ್ರು. ಇಬ್ಬರು
ಒಪ್ಕೊಂಡರು. ಮದ್ವೆ ಮಾಡೋದಿಕ್ಕೆ ಏರ್ಪಾಟ್‌ ಮಾಡಿದ್ರು. ಇದಕ್ಕೆ ಮುಂಚೆ ಮದುವೆ
ಗಂಡ್‌ ಏನ್‌ ಮಾಡವ್ನೆ ಅಂದರೆ ಊರನಲ್ಲೊಬ್ಬಳು ಸೂಳೆ ಇಟ್ಕೊಂಡಿರೋನು.
ಸೂ...",0.012048192771084338,0.0,0.0,0.0,0.0,0.0,0.0,0.0,0.012048192771084338,0.0,care.virtue,3
156,"1೨5 ಜನಪದ ಕಥೆಗಳು
ಕಣಯ್ಯ” ಹೇಳಿದ. ಇವರು """"ನಮ್ಮ ನೇಲಿ ಕುಂಬಳದಹಣ್ಣು ಹೆಂಗಯ್ಯ
ಕೊಡೋದು'' ಅಂದರು. “ನೋಡಯ್ಯ ಅದೆಲ್ಲಾ ಗೊತ್ತಿಲ್ಲ, ಈಗಾಕಿ ಬೆಳ್ಳರಿಯೋತ್ಸೆ
ಕುಂಬ ದಹಣ್‌ ಆಗಬೇಕಂತೆ'' ಅಂದ. ಸೊಸೆ ಮಾವನಿಗೆ ಕೇಳಿದ್ದು: """"ಏನ್‌ ಮಂತ್ರಿ
ಹೇಳ್ತಾ...",0.014925373134328358,0.0,0.0,0.0,0.0,0.0,0.0037313432835820895,0.0,0.0,0.011194029850746268,care.virtue,4
157,"ಜಾಣ ಸೊಸೆ 157
ಹೋಗಿ ಇನ್ನೊಂದು ಏರ್ಪಾಟ್‌ ಬಂದ. ಇವತ್ತು ತೊಟ್ಟಿಲಿನ ಮಗೂನು
ಊರ್ನಲ್ಲಿ ಇರಕೂಡದು, ಊರಿನ ಜನರೆಲ್ಲ ಊಟಕ್ಕೆ ಬರಬೇಕು ಡಂಗೂರ
ಸಾರಿಸ್ತಾನೆ. ಸಾರಿಸ್ಟಿಟ್ಟು ಕುಂಬಳಗೌಡನಿಗೆ ಹೇಳ್ತಾನೆ. """"ಇವತ್ತು ಕೋಣವೊಂದು
ಗಬ್ಬಾಗಬೇಕಂತೆ'' ಅಂತ....",0.0044444444444444444,0.0,0.0044444444444444444,0.0,0.0,0.0,0.0,0.0,0.0,0.0,care.virtue,1
158,"೩೦. ಮನದಾಗಲ ಗುಟ್ಟ ಮಡದಿಗೆ ಹೇಳಬೇಡ
ಒಬ್‌ ತಂದೆಗೆ ಮೂವರು ಮಕ್ಕಿರ್ತಾರೆ. ತಂದೆ ಹಿಸ್ಕೆ ಮಾಡ್ವಾಗ ಇಬ್ರು ಮಕ್ಳಿಗೆ ಹಿಸ್ಕೆ
ಮಾಡಿಕೊಟ್ಟ. ಇನ್ನೊಬ್ಬ ಮಗ ಇದ್ದಲ್ಲ ಕಿರಿಯೋನು ಅವ್ನಿಗೆ ಏನಂತ ಹೇಳ್ತಾರೆ: """"ನಾವು
ಮಾತು ಕಲ್ಪಿಕೊಡ್ತೀವಿ, ನಿನ್ಗೆ ...",0.0,0.0,0.0,0.0,0.0,0.0,0.004424778761061947,0.0,0.0,0.004424778761061947,authority.virtue,1
159,"ಮನದಾಗಲ ಗುಟ್ಟ ಮಡದಿಗೆ ಹೇಳಬೇಡ 159
ಕೂಡ್ಕೆಂದು ""ಪಾಪ ಪರದೇಶಿ ಸತ್ತತೆ ದಫನ್‌ ಮಾಡ್ಬೇಕು. ಇದ್ದೂರೊರಾದಾಗ
ಬಿಡ್ಬಾರದಂದು. ಒಳ್ಳೆ ನೋಡ್ತಾ ಕುಂತುದ್ರು. ಅದೆ ಹೊತ್ತಾಗೆ ಕುಡುಗೋಲು
ಕೈಯಾಗಿಡ್ಕಂದು ಹುಡ್ಗ ಹೋಗ್ತಾಯಿದ್ದ. """"ಏ ಬಾರೋ ಇಲ್ಲಿ''. ""ಯ...",0.004132231404958678,0.0,0.0,0.0,0.0,0.0,0.0,0.0,0.008264462809917356,0.008264462809917356,sanctity.virtue,2
160,"160 ಜನಪದ ಕಥೆಗಳು t
ಕೇಳಿದ್ದುಲ್ಲ. ಹೆಂಗಪ್ಪ ?' - ಕೇಳಿದ್ರು. ""ಸ್ವಾಮಿ ಗಂಡಮಕ್ಳು ಎರಕನದು ಎಲ್ಲು
ಕೇಳಿಲ್ಲ. ತಂದಿಗೆ ಮೂವರು ಮಕ್ಳು. ಮೂವರು ಮಕ್ಕೊಳಗೆ ಇಬ್ರಿಗೆ ಹಿಸ್ಕಾಕೊಟ್ರು.
ನನ್ನೊಬ್ಬಿಗೆ ನಮ್‌ ತಂದೆತಾಯಿ ಮಾತ್‌ ಸಾಕೂಂತ ಹೇಳಿಕೊಟ್ರು'...",0.009900990099009901,0.0,0.0,0.0,0.0049504950495049506,0.0,0.009900990099009901,0.0,0.0049504950495049506,0.0,care.virtue,2
161,"ಅವಳ ಗಂಡ 161
ಬಂದ್ಬುಡ್ತೀನಿ ಸರ್ನೆ. ಹಾಗೆ ಕುತ್ಕಳಪ್ಪ ನೋಡೈೆಂಡು.' ಹಾಗಂತೇಳಿಬಿಟ್ಟು ಒಳಗೆ ಊಟ
ಮಾಡ್ತಾಯಿದ್ದ. ಇವನು ಹೋದ -
""ಲೋ ಮಗ ಹ್ಯಾಗೋ ಮಿಠಾಯಿ ?' ಕೇಳಿದ.
‘ ಹತ್ತಾಣಿಗೆ ಸೇರು ಸ್ವಾಮಿ”.
""ಹಾಗಾದ್ರೆ ಒಂದ್‌ ಹತ್‌ಸೇರು ಮಿಠಾಯಿ ಕಟ್ಟಾಕ...",0.007142857142857143,0.0,0.0,0.0,0.0,0.0,0.007142857142857143,0.0,0.02142857142857143,0.0,sanctity.virtue,3
162,"162 ಜನಪದ ಕಥೆಗಳು
""ನನ್ನೆಸರು ಕೊಟ್ಟೋನು ಕಣಮ್ಮ'.
ಏನೋ ಇರ್ಟೋದೂಂತೇಳಿ ಓಡೋಗ್‌ ಬಿಟ್ಲು. ಅಷ್ಟತ್ಸೆ ಇವ್ನು ಬಟ್ಟೆನೆಲ್ಲ ಗಂಟ್‌
ಕಟ್ಟೆಂಡು ಓಡ್ತಾ ಇದಾನೆ.
""ಅಯ್ಯಯ್ಯಪ್ಪಾ ನನ್‌ ಬಟ್ಟೇನ್‌ ತಗಂಡೋಯ್ತಾ ಅವ್ನೆ. ಹಿಡ ೈಳೃಪ್ಪೋ.... 'ಅಂದಳು.
""ಯಾ...",0.0,0.0,0.0,0.0,0.0,0.0,0.0,0.0,0.007462686567164179,0.0,sanctity.virtue,1
163,"ಅವಳ ಗಂಡ 163
“ಏನೋ ? ಕೋರ್ಟ್‌ನಲ್ಲಿ ಆಕ್ಲಾಸಾ ಆಡಾಕ್‌ ಬಂದಿದೀಯ? ಮಿಠಾಯಿ ಕದ್ಕಂಡ್‌
ಹೋದೋರು ಯಾರೂಂದ್ರೆ ಸುಮ್‌ಸುಮೈ ಅಂತೀಯ 9 ಕೇಸ್‌ ವಜಾ' ಅಂದ್ರು.'
""ಯಾರಮ್ಮ ನಿನ್‌ ಬಟ್ಟೆ ತಗಂಡ್‌ ಹೋದೋರು ?'
""ಕೊಟ್ಟೋನು ಕೊಟ್ಟುದ್ದ ತಗಂಡ್‌ ಹೋದ. ಅದ್ಯ...",0.0,0.0,0.0,0.021897810218978103,0.0,0.0,0.0,0.0,0.0,0.0,fairness.vice,3
164,"164 ಜನಪದ ಕಥೆಗಳು
ಅವ್ರು ಮೂರುಕೋಟಿ ಸುಳ್ಳೇಳೋರು ಬಂದ್ರು. ಅವರನ್ನ ಹೊಲಕ್ಕೆ
ಹೋಗಿದ್ದು ಬರೋಣ ಬನ್ನಿ ಜೊತೆಗೆ ಮೊಲದ ಮರಿಯನ್ನು ಕರ್ಕೊಂಡು
ಹೋದ. ಹೊಲದತಾಕೆ ಹೋದ್ವೇಲೆ ""ಓಹೋ ನನ್ನೆಂಡ್ತಿಗೆ ಅಡ್ಡೆ ಮಾಡು
ಹೇಳೆ ನೆ ಬಂದಿ. ಟೆ. ನೀನು ಮನೆಗೋಗು.ಟು...",0.004761904761904762,0.0,0.0,0.004761904761904762,0.0,0.0,0.0,0.0,0.004761904761904762,0.0,care.virtue,1
165,"ಕೋಟಿ ಸುಳ್ಳು ಹೇಳುವವನ ಕಥೆ 165
ಹೆಂಡ್ತಿ ಒಳ್ಗೆ ಅವಳೆ ಸಾಯ್ಲಿಲ್ಲ. ಇವ್ರು ಅಯ್ಯೋ ಇದೇನು ಹಿಂಗೆ ಮಾಡ್ದ ಅಂತ, ಹೊರಗೆ
ಬಂದ್ಬಿಟ್ರು. ಹೋಗ್ರಯ್ಕ ನನ್ನೆಂಡ್ತಿ ಸತ್ರು ತಿಠ್ಲಿ ಬದ್ಧಿಸ್ಕೊಂತೀನಿ ಅಂದ.
ಪಾತ್ರೆಗಾಕೋ ಸಿಂಬಿ ಇತ್ತಲ್ಲ ಅದ ತಂದು ಸಾರ...",0.0045045045045045045,0.0,0.0,0.0045045045045045045,0.0,0.0,0.0,0.0,0.0045045045045045045,0.0,care.virtue,1
166,"166 ಜನಪದ ಕಥೆಗಳು
ಕೂರಿಸ್ಟಿಟ್ಟು ಇವ್ನು ಎದ್ದುಟ್ಟು ಕುರಿ ದನಕರ ಎಲ್ಲಾನು ಹೊಡ್ಕೊಂಡು ಮನೆಗೆ ಬಂದ್ಬುಟ್ಟ.
ಇವ್ರು ಮಂಕ್ರಿ ತಕ್ಕೊಂಡೋಗಿ ಸಮುದ್ರಕ್ಕೆ, ಹಾಕ್ಬುಟ್ಟು ಅವನೆಂಡ್ತಿ
ಕರ್ಕೊಂಡೋಗೋಣ ಅಂದ್ಕೊಂಡ್ಬಂದ್ರು. ಅವ್ರು ಬರೋ ಹೊತ್ತೆ ಇವ್ನು ದ...",0.0,0.0,0.0,0.0,0.0,0.0,0.0,0.0,0.0,0.0,,0
167,"ಮುದ್ದೇಗೌಡನ ಮಗೆ 167
ಪೋಟೊನೂ ಇಡಿಸ್ಕೊಂಬಿಡ್ತಾರೆ. ಬುತ್ತಿ ಕಟ್ಕೊಂಡು ಹೋಗ್ತಾ ಇರ್ತಾರೆ, ಯೆಣ್ಣು
ನೋಡಾಕೆ. ಹೆಣ್ಣು ಹುಡಿಕ್ಕೊಂಡು, ಹೆಣ್ಣು ಹುಡಿಕ್ಕೊಂಡು ವೋಗ್ತಾರೆ. ವೋಗ್ತಾ
ಇರ್ಬೇಕಾದ್ರೆ, ಅತ್ಲೊಂದು ಪಟ್ಲ. ರಾಜನ ಮಗಳಿಗೆ ಗಂಡು ಹುಡಿಕ್ಕೊ...",0.00881057268722467,0.0,0.0,0.0,0.0,0.0,0.0,0.0,0.0,0.0,care.virtue,2
168,"168 ಜನಪದ ಕಥೆಗಳು
ಕೆಲವಾರು ದಿವ್ಪ ಇಂಗೇ ಇರ್ತೂಲೂವೆ ಅವೂರು ರಾಜ ಏನ್ಮಾಡ್ತಾ ನೆ? ದಿವ್ಸ ಎದ್ದು
ಲೆಟ್ರಿನ್‌ಗೆ ಹೋಗ್ಗೆ ಕು ಈವಯ್ಯ ಎದ್ದು ಹೋಗ್ತಾ ಇರ್ತಾ ನ ಹೋಗ್ತಾ ಇರೂ ಲೂವೆ
ಸೊಂಡೇನಹಳ್ಳಿ ಮುದ್ದೆ ಗೌಡ ಹರಯ ಸ್ರತ ಕರಿತಾರೆ. ಕರ್ದಾಗ ಅವನೇನು...",0.0,0.0,0.0,0.0,0.0,0.0,0.00851063829787234,0.0,0.00425531914893617,0.0,authority.virtue,2
169,"ಮುದ್ದೇಗೌಡನ ಮಗ 169
ಆರುಜನ ಮಗದೀರು ಎಬ್ಬಿಸ್ತಾರೆ. ಸೊಸೆದೀರು ಎಬ್ಬಿಸ್ತಾರೆ. ಒಬ್ರುಗೂ
ಎದ್ದೇಳಾಕಿಲ್ಲ. ಇವ್ಳು ಮೇಲಿದ್ದವಳು ಕೆಳಕ್ಕೆ ಇಳಿದು ಬರ್ತಾಳೆ. """"ಯಾಕ್ರೀ
ಮಾವಯ್ಯವ್ರೇ ಇಂಗೆ ಮಲಗಿದ್ದೀರಿ ಈವತ್ತು ? ಇಷ್ಟು ಚಿಂತಾಕ್ರಾಂತವಾಗಿ ಮಲಗಿದ...",0.0,0.0,0.0,0.0,0.0,0.0,0.009174311926605505,0.0,0.009174311926605505,0.0045871559633027525,authority.virtue,2
170,"170 ಜನಪದ ಕಥೆಗಳು
ಕ್ವಾಣನ ಹಾಲ್ಬೇಕಂತೆ'' ಹೇಳ್ತಾನೆ. “ಅಯ್ಯೋ ಇಷ್ಟಕ್ಕೆ ಇಷ್ಟೊಂದು ಚಿಂತೆ
ಮಾಡ್ಕೊಂಡು ಮಲಗಿದ್ದೀರಾ ಎದ್ದೇಳಿ. ಬೆಳಿಗ್ಗೆಗೆ ಕೊಡ್ತೀನಿ'' ಹೇಳ್ತಾಳೆ.
ಬೆಳಿಗ್ಗೆ ಆಳು ಕಳಿಸ್ತಾನೇ ರಾಜ. ನಮಗೆ ದೇವತೆ ಕಾರ್ಯಕ್ಕೆ ಬೇಕು, ಕಳಿಸ್ಕ...",0.009852216748768473,0.0,0.0,0.0,0.0,0.0,0.009852216748768473,0.0,0.014778325123152709,0.0,sanctity.virtue,3
171,"ಮುದ್ದೇಗೌಡನ ಮಗ 171
ಕರ್ಯಕೊಂಡೊಗಿ. ಇಲ್ದಿದ್ರೆ ಕಳಿಸೊಕ್ಕೆ ಸಾಧ್ಯ ಹೇಳಯ್ಯ ? ಅಂಗಂತ್ಲೂ ಇಂಗಂದ್ಲೂ
ಸ್ವಾಮಿ ವೋಗಿ ಹೇಳ್ತಾರೆ ರಾಜನ್ನೆ. ಇದ್ರಲ್ಲೂ ಗೆದ್ದಲ್ಲ, ಏನ್ಮಾಡೋದು ಇವಳನ್ನು
ಹೇಳ್ತಾನೆ.
""""ಮತ್ತೇ ಈವತ್ತು ಬೆಳಿಗ್ಗೆ ದೇವತೆಕಾರ್ಯ ಇಟ್ಕ...",0.033816425120772944,0.004830917874396135,0.0,0.0,0.004830917874396135,0.0,0.004830917874396135,0.0,0.0,0.0,care.virtue,7
172,"172 ತ ಕನ್ನ ಡ ಜನಪದ ಕಥೆಗಳು
ಚೆಂಬು ಇರುತ್ತೆ. ಚೆಂಬುಗೆ ಸೀರೆ ತುದಿ ಕಟ್ಟಿಟ್ಟು ವೋಗ್ತಾಳೆ. ಇವನೇನು
ಮಾಡ್ತಾನೆ ? ಚೆಂಬು ಎಳ್ಕೊಂಡು ಎಳ್ಳೊಂಡು ಹಿಂಗ್‌ ನಿಂತಿರ್ಮಾನೆ. ಎಷ್ಟೊತ್ತಾದ್ರೂ
ಬರ್ಲೇ ಇಲ್ಲ. ಇವಳೂ ವೋಗ್ಟಿಟ್ಟು ಮನೆಗೆ ಸೇರ್ಕೊತಾಳೆ. ...",0.0,0.0,0.0,0.0,0.0,0.0,0.0,0.0,0.0,0.0,,0
173,"ಮುದ್ದೇಗೌಡನ ಮಗ 173
ತುಪ್ಪಕ್ಕೆ ಮಗೇ ಹಣ ಕಣವ್ವಾ. ಕಣವ್ವಾ ನಾನೇನು ಹೆಚ್ಚಿಗೆ ಕೇಳಲ್ಲ
ಅಂದ್ಲು. ನನ್ನತ್ರ ಏನೂ ಇಲ್ಲ. ಆಗೋಗೈತೆ. ಬಟ್ಟೆ ಬರೀಗಳೂ
ಹೊಸಾವು ಅವೇ. ಅದ್ನೆಲ್ಲಾ ಕೊಡ್ತಿನಿ. ತಗೊಂಡೋಗ್ಕಿಯಾ ? ಕೇಳಿದಳು. ಹೂಂ
ಕಣಮ್ಮ ತಗೊಂಡೋಗ್ತೀನಿ,...",0.0,0.0,0.0,0.0,0.0,0.0,0.0,0.0,0.00510204081632653,0.0,sanctity.virtue,1
174,"174 ಜನಪದ ಕಥೆಗಳು
ದೊಡ್‌ ದೊಡ್ಡನೆ, ದೊಡ್‌ ದೊಡ್ಮನೆ ಹೊಕ್ಕು ಕಳ್ತನ ಮಾಡ್ತಾ ಇದ್ರವು. ಒಬ್ರು ಕೈಯಿಗು
ಸಿಕ್ಕಿದ್ದಿಲ್ಲ. ""ಮತ್ತೆ ಬಡವ ಲಂಡ ದೇಶಕ್ಕೆ ಹೋಗೊದ್ರೊಳಗೆ ನಾಲರು ಕಳ್ರು ಊರಾಗಿದ್ದ
ವಡವೆ ವಸ್ತ್ರ ಎಲ್ಲ ಕದ್‌ಕಂಡ ಹೋಗೋಗಿ ಒಬ್ರು ಕೈಗೆ ...",0.0,0.0,0.0,0.0,0.0,0.0,0.0,0.0,0.0,0.0035587188612099642,sanctity.vice,1
175,"ಎಡವಟ್ಟ 175
ಮೂರ್ಯಾಲಿಂದ್‌ ಬೇಕೋ ನಾಕ್ಕಾಲಿಂದ್‌ ಬೇಕೋ ಎಲ್ಡ್‌ಕಾಲಿಂದ್‌ ಬೇಕೊ ಕುದ್ರೆ
ಲಾಯಕೋಗಿ ನಿನಿಗೆ ಬೇಕಾದ್‌ ಕುದ್ರೆ ಹಿಡಿ ನನಮಗನೆ.
ಕಾಲಾಗೆ ನಿಂತತೆ ಮೂರ್ಯಾಲಿನ ಕುದ್ರೆ, ಕುದ್ರೆ ಬೇಕು ನನಿಗೆ. ತಗೋ
ಮತ್ತೇಂದ. ಕುದ್ರೆ ಹಿಡ್ದ. ಕುದ್ರ...",0.0045871559633027525,0.0,0.0,0.0,0.0,0.0,0.0,0.0,0.0,0.0045871559633027525,care.virtue,1
176,"೩೫. ದಡ್ಡನ ಕಥೆ
ಒಂದೂರಿನಲ್ಲಿ ಒಬ್ಬ ಮುದುಕಿಗೊಬ್ಬ ಮಗ. ಆದ್ರೆ ಸುದ್ದ ದಡ್ಡ. ದಡ್ಡನಾದ್ರೆ
ಈಗಲೂ ಅಷ್ಟೆ ನೋಡಿ, ದಡ್ಡನಾಗಿರತಕ್ಕಂತೋರಿಗೆ ಹತ್ತರದಲ್ಲಿ ಯಾರು ಹೆಣ್‌
ಕೊಡೋದಿಲ್ಲ. ಅಂತೋರಿಗೆ ದೂರದ ಪ್ರದೇಶದಿಂದ ಹೆಣ್‌ ತಂದು ಲಗ್ನ ಮಾಡ್ಬೇಕು.
ಇವ...",0.0,0.0,0.0,0.0,0.004464285714285714,0.0,0.0,0.0,0.0,0.004464285714285714,loyalty.virtue,1
177,"ದಡ್ಡನ ಕಥೆ 177
ದ್ರಲ್ಲಿ ಅದ್ದು ಮರ್ರೆ ಬಿಟ್ಟ. ಮರ್ರೆಬಿಟ್ಟು ನೀರ್ನಲ್ಲಿ ತಡಕಾಡ್ತ ಇದ್ದನಂತೆ. ಬೆಸ್ತನಿಗೆ
ತೆಲ್ಲ ಇವನು ಸುದ್ದ ದಡ್ಡ ಅನ್ನೋದು. ಇವನೇನೊ ಕಳಕಂಡ್‌ ತಡಕ್ತಾ ಇದಾನೆ; ನಾ
ತಡಕಿದ್ರೆ ಸಿಕ್ಷೀಂತ ಬಲೆ ಅಲ್ಲೆ ಬಿಟ್ಟ. ಇವ್ನು ತಡಕಾಕ...",0.00819672131147541,0.0,0.0,0.0,0.0,0.0,0.004098360655737705,0.0,0.0,0.0,care.virtue,2
178,"178 ಜನಪದ ಕಥೆಗಳು
ದೂರದ ದೇಶದಲ್ಲಿ ಹೆಣ್‌ ತಂದಿರೋದು. ನಿಮ್ಮತ್ತೆ ನಿಮ್ಮಾವ ಮಾತಾಡ್ಲಿದ್ರೆ
ಬಾಯ್ತುಂಬ ಮಾತಾಡಪ್ಪ ಚೌಕಾಸೀಲಿ ಮಾತಾಡಬ್ಯಾಡ ? ಇನ್ನೊಂದು ಮಗು, ಆದ್ರೆ
ನೀನು ಕಾಡದಾರೀಲಿ ಹೋಗಬ್ಯಾಡಪ್ಪಾ ಊರೂರ್‌ ಮ್ಯಾಲಾಸಿ ಹೋಗಪ್ಪ. ಆಮ್ಯಾಲೆ ಕತ್...",0.007722007722007722,0.0,0.0,0.0,0.0,0.0,0.0,0.0,0.0,0.011583011583011582,sanctity.vice,3
179,"ದಡ್ಡನ ಕಥೆ 179
""""ಯಕ್ಕ ಅಳಿಮೈಯಂದ್‌ ಗದ್ದ ಹಿಡ್ಕಂಡದೆ ಕಣಿ. ನನ್‌ ಅಳಿಮೈಯಂದ್‌ ಗದ್ದ
ಹಿಡ್ಕಂಡತೆ ಕಣಿ ಅಂದ್ಲು. ಅಲ್ಲೊಬ್ಬ ಶಾಸ್ತ್ರಗಾರ. ಅಣ್ಣ ನನ್‌ ಅಳಿಮೈಯನ ನೀನು
ಮಾತಾಡ್ತಿ ಬಿಟ್ರೆ ನಿನಿಗೆ ಮುವತ್‌ ರೂಪಾಯಿ ಕೊಟ್‌ ಬಿಡ್ಕೆನಪ್ಪಾ ಅಂದು ಕ...",0.0,0.0,0.0,0.0,0.004166666666666667,0.0,0.0,0.0,0.008333333333333333,0.0,sanctity.virtue,2
180,"180 | ಜನಪದ ಕಥೆಗಳು
ಹಿಂದಗಡೆ ನೆಗಿಯಾಕ್‌ ಹೋದ. ಪಟ್ಟಂತ ಒದೀತು. ಅಯ್ಯೊ ಕೊಟ್ನಲ್ಲಪ್ಪ ನನಿಗೆ ಏಟು.
ಹಾಗೇಂತೇಳಿ ಮುಂದುಕೊಂಟ.
ಅಲ್ಲೊಬ್ಬ ಠಗರಿನೋನಿದ್ದ. ಲೋ ಮಗ ಕುದ್ರೆ ನೀನೆ ತಗೊ, ಠಗರು ನನಿಗೆ
ಕೊಟ್‌ಬಿಟು. ನಾನೂರು ರೂಪಾಯಿ ಕುದ್ರೆಗು ನಲ್ವತ...",0.0045045045045045045,0.0,0.0,0.0,0.0,0.0,0.0,0.0,0.0045045045045045045,0.0,care.virtue,1
181,"ದಡ್ಡನ ಕಥೆ 181
ಅಂದ್ರಲ್ಲ. ಯಾವಾಗ ಸಾಯ್ತೇನಿ ಹೇಳಿಬಿಟ್ಟೋಗಿ'. ""ಏ ಹುಚ್ಚ ನಾವೇನು ಬ್ರಹ್ಮಾಂತ
ತಿಳ್ಳಂಬುಟ್ಟೆನೊ ? ದಡ್ಡ, ಮರದ ನಿತಗಂದ್‌ ಬುಡ ಕಡಿತಾರೆನೋ ? ' ಅದೆಲ್ಲಾ
ಆಗಾಕಿಲ್ಲ. ನಾನ್ಯಾವಾಗ ಸಾಯ್ತೇನಿ ಹೇಳಿಬಿಟ್ಟೋಗ್ರಿ. ಇವು ಯಾವ್ಚೊ
ಕಾ...",0.00398406374501992,0.0,0.0,0.0,0.0,0.0,0.0,0.0,0.00796812749003984,0.0,sanctity.virtue,2
182,"182 ಜನಪದ ಕಥೆಗಳು
ಎತ್ವ್ತಂದ್‌ ತಗಂದ್‌ ಬಂದೆ. ಅಯ್ಕೊ ದಡ್ಡ ಹಾಗಲ್ಲ ಕಣೋ.. ಬಾರವಾದ
ಪದಾರ್ಥವಾಗಿರತಕ್ಕಂತ ಕಬ್ಬಿಣದ ಪೆಟ್ಟಿಗೆ ಇಂತದು ತರಬೇಕು. ಓಹೋ ಹಾಗೋ ನಡ್ರಿ
ಇನ್ನೊಂದು ಊರಿಗೆ ಹೋಗಿ ಕಳ್ತನ ಮಾಡ್ಕೆಂಡೆ ಸುತ ತಗಂಡೇ ಬರಬೇಕು.
ಇನ್ನೊಂದೂರ್ನ...",0.0,0.0,0.0,0.0,0.004807692307692308,0.0,0.0,0.0,0.0,0.004807692307692308,loyalty.virtue,1
183,"ಗಂಡ ಹೆಂಡತಿ 183
ಮಾಡ್ಬ? ""ನಾನಿರೋಕಿಲ್ಲ, ಸಂತೆಗೋಗ್ತೀನಿ. ನಂಗೆ ಬುತ್ತಿ ಕಟ್ಟು. ಗಂಡ ಕೇಳ್ದ.
ಗಂಡ ಕೇಳೊಹೊತ್ಸೆ ಇವ್ಳೇನು ಮಾಡಿದ್ದು? ಅನ್ನ ಮಾಡಿ, ಚಪಾತಿ ಮಾಡಿ, ಬುತ್ತಿ ಕಟ್ಟಿದ್ದು.
ಮನೆ ಹಿಂದೆ ಬೇವಿನಮರ, ಬೇಎನ ಮರದಾಗೇ ಬುತ್ತಿ ಸಹಿತ
ಕುತ...",0.0,0.0,0.0,0.0,0.004405286343612335,0.0,0.0,0.0,0.0,0.0,loyalty.virtue,1
184,"184 ್ಯ ಜನಪದ ಕಥೆಗಳು
ಒಂದ್‌ ಮಂಚದ ಮಾಲೆ ಮಲಿಕ್ಕೊಂಡ್ರು. ಮಲಿಕೋತ್ಲೂವೇ ಇವು ಏನ್‌ ಮಾಡಿದ್ರು?
ಒಷ್ಟೊತ್ತು ಇದ್ದವರು ಬಂದಿದ್ದು. ಪೆಟ್ಸೆ ಹೊತ್ತಂಡು ಹೋಗ್ಬಿಟ್ರು ಕಳ್ರು. ಐದು
ಜೊತೆಯಾಗಿ ಬಂದಿದ್ರು. ಅವ್ರ ಐದು ಜನಾನೂ ಹೊತ್ಕೊಂಡು ಹೋಗ್ಟಿಟ್ರು...",0.0,0.0,0.0,0.0041841004184100415,0.0,0.0,0.0,0.0,0.0,0.0,fairness.vice,1
185,"ಗಂಡ ಹೆಂಡತಿ 185
ಇದರೊಳಗಡೆ ನೋಡು ಮೂಗ್‌ಚ್‌ಡಿ ಅದೆ, ಒಬ್ರೂ ಮರಕ್‌ ಹತ್‌ಬೇಡಿ ಕಣ್ರಪ್ಪ
ಹೇಳ್ತಾ. ಆಮೇಲೆ ಅವಳೇನು ಮಾಡಿದ್ದು? ಇವ್ರೊಳ್ಗೆ ಇಬ್ರೂ ಮರದಾಗಿದ್ರು,
ಇವ್ರು ಆಳಗೊಂದೊಂದು ಮರಕ್‌ ಅತ್ಯೊಂಬಿಟ್ರು. ಅತ್ಯೊಂಡ್‌ ಏನಂದ್ರು ""ಅಲ್ಲಕಣಪ್ಪ
ನ...",0.0,0.0,0.0,0.0,0.004464285714285714,0.0,0.0,0.0,0.0,0.0,loyalty.virtue,1
186,"186 ಜನಪದ ಕಥೆಗಳು
ಹುಡ್ಗಿಯರವ್ವ ಸಂತೆಗೋಗಿದ್ದು. ಅವರಪ್ಪ ಸೋಗೆ ಕಡ್ಕೊಂಡು ಬರಲು ಹೋಗಿದ್ದ.
ಇವ್ರು ಹೋಗಿ ನಿಮ್ಮಪ್ಪ ಎಲ್ಲೋದ ಅಂದ್ರು. ಅದ್ಕೆ ಹುಡ್ಗಿ ""ನಮ್ಮಪ್ಪ ಭೂಮಿ ತುಂಡ್ಲೆ
ಚಾಪೆ ಹಾಕೋಕೋಗವ್ಲೆ' ಅಂದ್ಲು. ನಿಮ್ಮವ್ವ ಎಲ್ಲೋದ್ಲು ಕೇಳ್ದಾಗ,...",0.005154639175257732,0.0,0.0,0.005154639175257732,0.0,0.0,0.010309278350515464,0.0,0.0,0.0,authority.virtue,2
187,"೩೮. ಆಮೆ ಕೊಕ್ಕರೆ
ಕೆರೆ ಒಳಗೆ ಆಮೆ, ಕೊಕ್ಕರೆ ಜೊತೆಯಾಗಿದ್ದು. ಆಮೇಲೆ
ಜೊತೆಯಾಗಿರುತ್ಲೇಯಾ ಕೆರೆನೀರು ಒಣಗೋಗ್ತಾ ಬಂದ್ಬಿಡ್ತು. ಕೆರೆ ನೀರು ಒಣಗೋದಂಗೆ
ಒಣಗ್ಮಾ ಬಂತು. ಆಮೇಲೆ ಕೊಕ್ಕರೆ ಏನೋ ಹಾರಿ ಒಂಟೋಗಿಬಿಡ್ತವೆ, ಈವಾಗ
ಮಲ್ಲಸಂದ್ರದ ಕೆರೆಗೋ ಎ...",0.0045662100456621,0.0,0.0,0.0,0.0,0.0,0.0,0.0,0.0,0.0045662100456621,care.virtue,1
188,"188 “ ಜನಪದ ಕಥೆಗಳು
ಆಮೆ ನರಿಗೆ. ಹೂಂ. ಆಯ್ತು ಕಣೋ ಅಂತ್ಲಾವ, ಕಚ್ಚೊಂಬಿಟ್ಟಿದೆಯಾ ತಗೊಂಡೋಗಿ
ಕೆರೆತಕ್ಕೆ ಮಲ್ಲಸಂದ್ರದ ಕೆರೆತಕ್ಕ, ಕೊಕ್ರೆಗಳಿತ್ತಲ್ಲ ಕೆರೆಗೆ ಹೋಯ್ತು.
ಹೋಯ ಲೆಯಾ ನೀರೊಳಕ್ಕೆ ಮಡಿಕ್ಕೊ ಬಿಟ್ಟಿದ್ದೆ ನಿಂತ್ಕೂ ಂಬಿಡ್ತು ನರಿ. ...",0.004608294930875576,0.0,0.0,0.0,0.0,0.0,0.0,0.0,0.009216589861751152,0.0,sanctity.virtue,2
189,"ಪೂಜಾರಿ ಪುಟ್ಟಕ್ಕ 189
ಮನೆಬುಟ್ಟು .ಹೋದಮ್ಯಾಲೆ ಗೌಡ ಮಾವಾರಿಗೆ ಕರಿಗಡಬು
ಗೋಧಿ ಈಚುಗ ತಗೀಲೆ ಇಲ್ಲ. ಗೋಧಿ ಬಂಡವಾಳ ಏನೂಂತ
ಗೊತ್ತಾಗಲಿಲ್ಲವಲ್ಲ, ಮನೆ ಬುಟ್ಟೋದರೆ ಗೊತ್ತಾದದೇನೊ, ನೋಡುವ
ಅಂದಬುಟ್ಟು ಪುಟ್ಟಣ್ಣ ಹೆಡತಿಗೆ ಲೇ ಅಂದ. ಸುಬ್ರಮಣ್ಯದಲ್...",0.0,0.0,0.0,0.0,0.0,0.0,0.0,0.0,0.004329004329004329,0.008658008658008658,sanctity.vice,2
190,"190 | ಜನಪದ ಕಥೆಗಳು
ನೀರಗ್ಹೋಗಿದ್ದ ಪುಟ್ಟಕ್ಕ ಕೊಡಾನು ಥಳ ಥಳ ಬೆಳೀಕೊಂಡು
ಬೆಡಗಿನಿಂದ ಬಂದ್ಲು. ಸರದಾರ ಎದುರು ಗ್ವಾಡೇಲಿ ಕುಂತಬುಟ್ಟವ್ನೆ. ಪುಟ್ಟಕ್ಕ ಕೊಡ
ತಗಂಡು ಕ್ವಾಣೆಗೋಗಬೇಕಾದ್ರೆ ಏನ ಹೇಳತಾಳೆ? ಛೇ, ಛೇ, ಏನ ಗಂಡಸ್ರೋ
ಇಕ್ಕತಿರಲಿಲ್ಪ್ಲ?...",0.0,0.0,0.0,0.0,0.0,0.0,0.0,0.0,0.004166666666666667,0.0,sanctity.virtue,1
191,"ಪೂಜಾರಿ ಪುಟ್ಟಕ್ಕ 191
ಎಲ್ರುಗು ಒಡವೆ ಭಾಗ ಮಾಡಕೊಡು. ಈವಜ್ಜ ಮೋಸಮಾಡಬೇಕು ಮಾಡಿದ್ದಲ್ಲ.
ಅಯ್ಯ ಮಕ್ಕಳರ ನಾನಿಷ್ಟು ಕಳ್ಳತನ ಮಾಡಿವ್ನಿ, ದೇವ್ರ ಒಡವೆ ಒಂದಿನಾನು
ಕದ್ದಿಲ್ಲ. ದೇವ ಒಡವೆ ಭಾಗ ಕದ ಹಿಂಗಲ್ಲ ಕಣ್ರ ಲ. ಹಣ್ಣುಕಾಯಿ ಮಾಡಬೇಕು;
ಕರಪುರ ...",0.0,0.0,0.0,0.004,0.0,0.0,0.0,0.0,0.012,0.0,sanctity.virtue,3
192,"192 | ಜನಪದ ಕಥೆಗಳು
ಐದು ಹುಡುಗರೂವೆ ಬರೆ ಮಂಚ ತಕ್ಕೊಂಡ್ಹೋಗಿ ಗೌಡಮಾವನ್ನ ಒಗದಿದ್ದ
ಕೊರಕಲಗೆ ಒಗುದಬುಟ್ಟು ಹಿಂದುಕ ಬತ್ತಾವೆ. ಪುಟ್ಟಕ್ಕ ಐದು ಹುಡುಗರಗು ಮೋಸ
ಮಾಡಬುಟ್ಟು, ಬಾರೆ ಮ್ಯಾಲೆ ಕಸಿಮಾವನ ತೋಪ್ಕತೆ. ತೋಪಗಹೋಗಿ ಒಸಿ
ಮಾವಿನಕಾಯಿ ಕುಯ್ಕ...",0.0045871559633027525,0.0,0.0,0.0045871559633027525,0.0,0.0,0.0,0.0,0.009174311926605505,0.0045871559633027525,sanctity.virtue,2
193,"ಮೂಗಂಡುಗ ಎಳ್ಳಿನ ಕಥೆ... 193
ಯಮ್ಮ ಏನ್‌ ಮಾಡಿಬಿಟ್ಟು? ಒಂದೆರಡು ಸೇರು ಎಳ್ಳು ಉರಿದ್‌ಬಿಟ್ಟು ಏಳ್ಳುಂಡೆ
ತಿಂದ್‌ ಬಿಟ್ಟು. ಚೆನ್ನಾಗಿ ರುಚಿಯಾಗಬಿಡ್ತು. ನೆರೆಮನ್ಕೋಳು ಏನ್‌ ಮಾಡಿಬಿಟ್ಟು?
ಪಕ್ಕದ ಮನೆಯವಳು ಇರ್ದಾಳಲ್ಲ ಅವಳು, ಅಂಗಡಿ ಸೌದೆ ಒಲ...",0.010452961672473868,0.0,0.0,0.0,0.0,0.0,0.0,0.0,0.020905923344947737,0.0,sanctity.virtue,6
194,"194 ಜನಪದ ಕಥೆಗಳು
ಈಯಮ್ಮ ಅಲ್ಲಾಸಿ, ಇಲ್ಲಾಸಿ, ಮನೆಗೆ ಬಂದ್‌ಬಿಟ್ಟು. ಗಂಡ ಬರೋದ್‌ರೊಳ್ಗೆ
ದಿರಸ್‌ ಎಲ್ಲ ತೆಗೆದುಹಾಕಿಬಿಟ್ಲು. ಸೀರೆ ಉಟ್ಕೊಂಡು ಅಚ್ಚ್‌ ಕಟ್ಟಾಗಿ ಇದ್‌ಬಿಟ್ಲು. ಅವಿ
ಎಂತ ಮಾಡಿಬಿಟ್ರಿ? ನನ್‌ ಒಬ್ಳೇ ಬಿಟ್‌ಹೋಗಿಬಿಟ್ರಿ ? ಯಾತ್...",0.0,0.0,0.0,0.014150943396226415,0.0,0.0,0.0047169811320754715,0.0,0.009433962264150943,0.0,fairness.vice,3
195,"ಕುಟುಕಪ್ಪ ಲೊಟಕಪ್ಪನ ಕಥೆ . 195
ಆಗ್‌ಬಿಡ್ತದೆ. ""ಕುಟ್ಲಪ್ಪ ಲೊಟ್ಲಪ್ಪ' ಭಯ ಸುಮ್ನೆ ನೋಡ್ತಾ
ಇರ್ತದೆ. ವೋಗ್ತಾ ಇರಬೇಕಾದ್ರೆ ಇವು ಬೆದ್ರ್‌ಬಿಡ್ತಾರೆ. ಹುಲಿ ಅಂದ್ರೆ ಮನಸ್ಸಿಗೆ
ಭಯ ಮ್ಯಾಲ್‌ಗಡೆ ಕುಂತಿದ್ದವುನು ಕೈಗೆ ಸಿಕ್ಕಿದ ಕೊಂಬೆ ಹಿಡ್ಕಂಡು...",0.0,0.0,0.0,0.004366812227074236,0.0,0.0,0.0,0.0,0.004366812227074236,0.0,fairness.vice,1
196,"196 ಜನಪದ ಕಥೆಗಳು
ಬಾಲ ಬಿಡ್ಮಾನೆ. ಬಿಟ್‌ಬಿಟ್ಟಾಗ ಓಡಿಬಿಡುತ್ತೆ ನರಿ. ""ಹಿಂಗುಂಜ ಮುಂಗುಂಜ'
ಓಡ್ತಾ ಇರ್ತದೆ. ಅವಾಗ ಎಲ್ಲರೂ ವಾಪಸ್ಸು ಬರ್ತಾರೆ. ಓಡೋಗ್ರವೆ.
ಇವರಿಬ್ರೂ ವಾಪಸು ಬರಾ ರೆ. Pa ಆಧಿ
ಹೇಳಿದವರು : ಪರಮೇಶಿ, ಹಿರೇಡೊಂಕೇಹಳ್ಳಿ, ತುರು...",0.004761904761904762,0.0,0.0,0.0,0.0,0.0,0.0,0.0,0.0,0.009523809523809525,sanctity.vice,2
197,"ದಡ್ಡ ಹುಡುಗಿ 197
ಮನೆಕಾಯೋಗ, ಇಂಗ್‌ ಅಂದ್‌ಬ್ರಿಟ್ತಲ್ಲ, ಬಾಯಿಗೆ ಹಾಕ್ಕೊಳೆ
ಅವರಮ್ಮ ತಿಳ್‌ಕೊಂಡು ಸುಮ್ಮ ಕಿದ್ದು.
ಅಮೇಲಿಂದ ಇವು ನೆಂಟ್ರು ಬಂದಿದ್ರಲ್ಲ ? ನೀರು ಕೊಟ್ರು. ಕೈಕಾಲಿಗೆ ಕೊಟ್‌ ಬಂದ್ರೆ
""ಯವ್ವಾ' ಬಾಗ್ಲಿಗೆ ಬಂದ್ರು ಬಾಯ್ಗೆ ಹಾಕ್...",0.0,0.0,0.0,0.010050251256281407,0.005025125628140704,0.0,0.0,0.0,0.005025125628140704,0.0,fairness.vice,2
198,"198 ಜನಪದ ಕಥೆಗಳು
ನಮ್ಮಪ್ಪನ ಮನೇದೇವ್ರು ಮಾಡ್ಬೇಕು ಇದ್ರೇ ಅವ್ರು ಅವಠಪ್ಪನ 'ಮನೇದೇವ್ರು
ಮಾಡ್ಬೇಕು ಅಂತಾನಲ್ಲ 9 ಇವಳೇನು ಮಾಡಿದ್ದು? ಬುದ್ಧಿ ಓಡಿಸಿದ್ದು. ದೊಣ್ಣೆಗೆ
ನೀರಾಕಿ ತೊಳೆದು, ವಿಭೂತಿ ಇಕ್ಕಿ, ನಡ್‌ಮನೇ ಒಳ್ಗೆ ಮಡಗಿದ್ದು. ಗಂಡ ಏನ್‌...",0.0045662100456621,0.0,0.0,0.0,0.0,0.0,0.0,0.0,0.0,0.0,care.virtue,1
199,"ಮುದುಕ ಯಜಮಾನ ಚಪಲ 199
ಮುದ್ಯ """"ಪುಟ್ಟಪ್ಪ ಅವಳ್ಳಾರು'' ಅಂದ. ""ಅವಳು ನಮ್ಮೂರಾಗೆ ಜಿಡ್‌ ಯಾಪಾರ
ಮಾಡ್ತಾರಲ್ಲ ಸೆಟ್ರು, ಅವ್ರೆಂಡ್ತಿ ಕಣ್‌ಗೌಡ'. ""ಓಹೋ ಹಾಗೋ'. ಹಂಗೆ ನೆಪ್‌
ಮಾಡ್ಕಂದ. ಮನಸ್ನಾಗಿಟ್ಠಂಡ. ಊಟ ಮಾಡ್ಕೆಂದ. ಸಂದೀಲಿ ಬಂದ್‌
ಹೋಗೊನಂ...",0.004166666666666667,0.0,0.0,0.0,0.0,0.0,0.0,0.0,0.004166666666666667,0.0,care.virtue,1
200,"200 ಜನಪದ ಕಥೆಗಳು
ಉರಿಹಾಕು. ಅವನು ಬಂದ್‌ ಕೊಡ್ಲೆ ಕುರ್ಚಿ ಹಾಕು. ಏ ಬ್ಯಾಡ ಅಂತನೆ.
ಕುತ್ವಳಿ, ಅದ್ಯಾಕೆ ಅನ್ಮಾನ? ಕುತ್ನಳಿ ಅಂದು ಕುಂದುರಿಸಿ ಉರಿಹಾಕಿ ನೀರುಕಾಯ್ದು. ನೀರ್‌
ಕಾಯಿಸ್ಟಿಟ್ಟು ನೀರ್‌ ಹಾಕ್ತೇನಿ ನಿನಿಗೆ ಅನ್ನು. ಏನುಬ್ಯಾಡ, ನೀರ...",0.004132231404958678,0.0,0.0,0.0,0.0,0.0,0.0,0.0,0.004132231404958678,0.0,care.virtue,1
201,"ಮುದುಕ ಯಜಮಾನನ ಚಪಲ 201
ಸಾಯಿಸಿಬಿಡ್ಬೋದಿತ್ತು, ಯಜಮಾನನ್ನ. ಆದ್ರೆ ಮುದುಕ ಯಜಮಾನ ಬದುಕ್ಕೊ
ಅಂದು ಬಿಟ್‌ಬಿಟ್ಟ.
ಬೀದಿಲೋದ್ರೆ ನಗ್ತಾರೆ, ಅಂದ್ಬುಟ್ಟು ಸಂದಿವಳಗಾಸಿ ಹೋಗಿ
ನುಗ್ಬಿಟ್ಟ ತನ್‌ಮನೆಗೆ. ಅವಾಗ ಯಜಮಾನನ ಹೆಂಡ್ತಿ ""ಕಲ್ಲಿ ಬಂತವಲ್ಲಪೋ'
...",0.0,0.0,0.0,0.0,0.0,0.0,0.0,0.0,0.0,0.0,,0
202,"202 ಜನಪದ ಕಥೆಗಳು
""ಹೌದು. ಅಂದು ಅಲ್ಲೆ ಇನ್ನೊಂದು ಕಾಗೆ ಸಿದ್ದಮಾಡಿಬಿಟ್ಟ. ""ಅಲ್ಲೋಗೊ ಕಾಗೆ ಪಿಂ
ಪಿಸ್ಸ ಅನ್ನು ಸತ್ತೋಗತ್ತದೆ' ಅಂದ್ರು ಸ್ವಾಮಿ. ""ಅಲ್ಲೋಗೊ ಕಾಗೆ ಹಿಂಪಿಸ್ಗ'
ಅಂದಬುಟ್ಟ. ಕಾಗೆ ಸತ್‌ ಬಿದ್ದೋಯ್ತು. ""ಚೆನ್ನಗೈತೆ ಕಾಣಯ, ಅಂದುಬ...",0.0,0.0,0.0,0.0,0.0,0.0,0.0,0.0,0.0,0.0,,0
203,"ಹಿಂ ಪಿಸ 203 ೧
ಅಮಲ್ದಾರ ಕುದುರೆ ಬಿಟಗಂಡಿದ್ದಲ್ಲ ? ತೋಟಿ ಪಟೇಲ ಶ್ಯಾಮಬೋಗ ಎಲ್ಲ ಅವನ
ಹೊಲತಾಕೆ ಹೋದೋರು ತಿರ್ಲಿ ಬರ್ಲೆಯಿಲ್ಲ. ಕುದ್ರಿಗೆ ನೀರು ಕುಡಿಸ್ಗೆಂದ್‌ ಹಂಗೆ
ನೋಡ್ಕೆಂದ್‌ ಬಂದ್ಧಿಡಮ ಅಂದು ಕುದ್ರೆ ಬಿಟಗಂದ್‌ ಹೋದ. ಹೋಗಿ ನೋಡ್ತಾನೆ, ...",0.004830917874396135,0.0,0.0,0.0,0.0,0.0,0.0,0.0,0.0,0.0,care.virtue,1
204,"೪೬. ಕಿವುಡರ ಕಥೆ
ಊರುಹಿಂದೆ ಹೊಲ. ಅವ್ರು ಬೇಸಾಯ ಹೂಡ್ಕೊಂಡು ಹೋಗಿದ್ರು. ಅವ್ರ
ಹೆಂಡ್ತೀನೂ ಕಿವುಡಿ, ಅವ್ರು ಮಗಳೂನು ಕಿವುಡಿ. ಅವ್ರಮ್ಮನೂ ಕಿವುಡಿ. ಅವ್ರು ಕಿವುಡ್ರೆ.
ನಾಲ್ಕು ಜನನೂ ಬರೀ ಕಿವುಡ್ರೆ. ಅಲ್ಲಿ ಅವಾಗಿನ್ನ ಬೇಸಾಯ ಮಾಡಕೆ ಹೋರಿ ತಕ್...",0.0055248618784530384,0.0,0.0,0.0,0.0,0.0,0.0,0.0,0.0,0.0,care.virtue,1
205,"ಹೆಂಡರು 205
ಹಬ್ಬುದ್ದಿನ ಬಂತು. ಇವ್ರಾಗೆ ತಿಸ್ರಾಮುಸ್ರಾ ಸುರ್ವಾತು. ಕಿರಿಯೋಳು ಎದ್ದು
ಕ್ವಾಣೆಗೀಣೆ ಕಸಗುಡುಸಾಕೆ ನಿಂತಗಂದ್ಲು. ನಡುಕ್ಲೋಳು ಆಚೆಗೀಚೆಗೆ ತಿರುಗಾಕ್‌
ನಿಂತಗಂದ್ಲು. ಹಿರೇಳು ಏನ್ಮಾಡಿದ್ದು 9 ಕ್ವಾಣೀಲಿದ್ದು. ನೆಂಟ್ರು ಬರೋ ಸಮಯ...",0.006060606060606061,0.0,0.006060606060606061,0.0,0.0,0.0,0.0,0.0,0.0,0.0,care.virtue,1
206,"106 ಜನಪದ ಕಥೆಗಳು
""""ಏನೋ ಒಂದ್‌ ಐದಾರ ಪಲ್ಲ ಆಗ್ಟೋದಪ್ಪ. ಕೋಯ್ತೀವಿ, ಬಡಿತೀವಿ.''
ಸರಿ ಮನಿಗೆ ಬಂದ್ಭುಟ್ಟ. ""'ಏನೇ ನಮ್ಮಪ್ಪ ದಾರಿ ಪಕ್ಕದಲ್ಲೇ ಹೊಲ
ಮಾಡ್ಬೇಕಾಗಿತ್ತೇ ? ಯಾರೇ ಹೋಗಿ ಬಂದ್ರೂ ಕೇಳ್ತಾ ಇರೂದೆ. ಪಲ್ಲ ಆಗುತ್ತಪ್ಪ?
ಏನಾಗುತ್ತೆ ? ...",0.007194244604316547,0.0,0.0,0.0,0.0,0.0,0.007194244604316547,0.0,0.014388489208633094,0.0,sanctity.virtue,2
207,"೪೯. ಭಗವಂತ
ಒಬ್ಬ ದೊಡ್ಡ ಸಾವಕಾರ ಹೊಸದಾಗಿ ದೊಡ್ಡದಾಗಿ ಮನೆ ಕಟ್ಟಿರೋನು, ಅರ್ಧ
ಭಾಗವನ್ನು ಬ್ರಾಮುಂಡ್ರಿಗೆ ಬಾಡಿಗೆಗೆ ಕೆಟ್‌ಬಿಟ್ಟಿರೋನು. ಇನ್ನರ್ಧ ಭಾಗದಲ್ಲಿ
ತಾವಿದ್ಯಂಡು ಯಾವಾಗ್ಲೂ ಕೋರ್ಟ್‌ ವ್ಯವಹಾರ ಮಾಡ್ತಿರೋನು. ಕೋರ್ಟ್‌ ವ್ಯವಹಾರ
ಮಾಡ್...",0.0,0.0,0.0,0.0,0.0,0.0,0.0,0.0,0.004545454545454545,0.004545454545454545,sanctity.virtue,1
208,"208 ಜನಪದ ಕಥೆಗಳು
ಇವನು ಸಾಕಾದ, ಕೇಳಿ ಸಾಕಾದ. ತಗಿಲಿಲ್ಲ. ಇವನಿಗು ಸಿಟ್ಟತ್ತಿತ್ತಾ ? ತಿರುಗಿನಿಂದ
ದಡಾದಡ್ಡೆ ಒದ್ದ. ಹಾಂ ಹಾಂ... ಅಂದ್ಲು ಈಕೆ. ಏನಲೇ ಯಾಕೆ ಅಂದ. ಏನೂ ಇಲ್ಲ.
ನನಿಗೆ ಮಕ್ಕಿಲ್ಲ. ಏನೂ ಅಂದಳು. ಏನ್ಮಾಡನ? ಅಂದ. ಕಾಡಿಗೋಗಿ ತಪಸ...",0.0091324200913242,0.0,0.0,0.0,0.0,0.0,0.0091324200913242,0.0,0.0045662100456621,0.0091324200913242,care.virtue,2
209,"ಭಗವಂತ 209
ಮನೇಲಿ ತಂದೆ ಇದ್ದುಲ್ಲ. ತಾಯಿ ಇದ್ಲು. ಬಂದ. ತಕ್ಷಣ ಯಪ್ಪಾ ಬಂದೇ
ನೋಂತ ತಬ್ಯಂದ್‌ ಮುತ್‌ ಕೊಡಾಕ್‌ ಹೋದ್ಲು. ಕಡೆ ಕೈ ಎಟಕಲಿಲ್ಲ. ಕಡೆನು ಕೈ
ಎಟಕಲಿಲ್ವಂತೆ. ಅಷ್ಟು ದಪ್ಪ ಆಗಿದಾನೆ. ಕುರ್ಚಿಮ್ಯಾಲೆ ಕುಂದುರ್ಲಿದ್ರೆ ಕುರ್ಚಿ
ಮುರ್ದೋ...",0.012096774193548387,0.0,0.0,0.0,0.0,0.0,0.004032258064516129,0.0,0.004032258064516129,0.0,care.virtue,3
210,"210 ಜನಪದ ಕಥೆಗಳು
ಅಡಿಗೆ ಸೇರಿಕೆಂದ್‌ಬಿಟ್ಟ. """"ಲೇ ಕತ್ತಗೀಯೇ''. ಎದ್ದು ಕದ ತೆಗೆದ್ಲು. ನೀರ್‌ಗೀರ್‌
ಕೊಟ್ಲು. ಹಾಂ ತಗಂಬಾರೆ ಕೀರಾ ಅಂದ. ಹೋಗಿ ನೋಡ್ತಾಳೆ. ಪಾತ್ರೆ ತಳದಲ್ಲು
ಒಂಚೂರಿಲ್ಲ. ಎಲ್ಲ ತಿಂದಾಕಿಬಿಟ್ಟಿದಾರೆ. ಮಾಡಿರತಕ್ಕಂಥ ಪದಾರ್ಥ ...",0.0,0.0,0.005076142131979695,0.005076142131979695,0.005076142131979695,0.0,0.0,0.0,0.0,0.0,fairness.virtue,1
211,"ಉಪಾಯ 211
ಮೋಹಿಸಬೇಕು ಬಂದಿದ್ದೀನಿ ಎಂಗೆ?'' ಅಂದ. ಅಣ್ಣ ಇನ್ನ ಮೂರ್‌ ದಿವ್ಸಕ್‌ ಬಾ
ಹೋಗು ಅಂದ್ಲು. ಯಾರು ? ದೊರೆಸಾನಿ. ಅನ್ನೋ ವೊತ್ಸೆ ಬೇಕಾದ್ದು ಬೇಡವಾದ್ದು
ಎಲ್ಲ ಕಟ್ಕೊಂಡು ದೊರೆ ಬಂದ್ನಂತೆ. ಇಂಗೇ ಮಂಚ ಹಾಕ್ಷಿದ್ದಂತೆ. ಮಂಚದ ಮ್ಯಾಲೆ
ಇನ್...",0.0,0.0,0.004366812227074236,0.0,0.004366812227074236,0.0,0.004366812227074236,0.0,0.004366812227074236,0.0,fairness.virtue,1
212,"212 ಜನಪದ ಕಥೆಗಳು
ಅಂದ್ನಂತೆ. ಹತ್ತು ತಾತ ಅಂದ್ಲಂತೆ. ಅವಳೆದ್ರಾಗೇ ಹೋಗಿ ಈವತ್ತು ಮಂಚ ರೆಡಿಮಾಡು,
ಮತೆ ಬತ್ತೀನಿ ಅಂತನ್ನು ದೊರೆಸಾನಿಗೆ. ಅವಳು ಮಂಚ ರೆಡಿಮಾಡಾಳೆ.
ಮಾಮೂಲಾಗಿ ಹೋಗ್‌ ಕೂತ್ಕೊಂಡಿದ್ದಂತೆ ಕಾಲಡಿ ಕೂತ್ಕೋ. ಅಪ್ಪಾ ಅಂತಾಳೆ """"ಅಪ್ಪ...",0.0,0.0,0.0,0.0,0.0,0.0,0.0,0.0,0.0,0.0,,0
213,"ಹೆಂಡತಿಯ ಒಗಟು 213
ಗಂಡು ಹಂಗೆ ಹತ್ತೆಲೆ ಕಿತ್ಕೊಂಡ್ಬಂದು, ತಿಂಡಿ ತೀರ್ಥ ಎಲ್ಲಾನು ತಿಂದು, ಊಟ
ಎಲ್ಲ ಮಾತಾಡ್ತಾ ಕುಂತ್ಕೊಂಡಿರ್ವಾಗ ಎಲೆಕೊಟ್ಟು ಎಣಿಸುವಾಗ ಹತ್ತು ಅಂದ್ಲು.
ಅವಳ ಮ್ಯಾಲೆ ಹತ್ತು ಬಿಟ್ಟ.
ಹೇಳಿದವರು : ತಿಮ್ಮಮ್ಮ, ಮುದುಗೆರೆ, ಕು...",0.00558659217877095,0.0,0.0,0.0,0.00558659217877095,0.0,0.0,0.0,0.0,0.0,care.virtue,1
214,"214 ` ಜನಪದ ಕಥೆಗಳು
ಹೋಗಾದಾಯಿದ್ರೆ, ನಿರ್ಮೂರಿಗೆ ಹೋಗಿ, ನಮ್ಮೂರಿಗೆ ನಾ ಹೊಯ್ತೇನಿ ಅಂದ್ಲು.
ಲಕ್ಷಣವಾಗಿ ಕರಕದೋಗಿ ಬಿಟ್ಟಿಟ್‌ ಬಂದ. ಆಮ್ಯಾಲೆ ಹೇಳ್ದ; ಚಳಿಗಾಲದಲ್ಲಿ ಸಂಪಿಗೆ
ಮಳೆಗಾಲದಲ್ಲಿ ಮಲ್ಲಿಗೆ, ಬ್ಯಾಸ್ಗ್ಯಾಗೆ ಹಾಸ್ತೆ, ನಡಿಯಲೆ ಮನಿಗೋ...",0.0,0.0,0.0,0.0,0.0,0.0,0.011111111111111112,0.0,0.0,0.0,authority.virtue,2
215,"ಹರಿಗೋಲು ಕಥೆ 215
ಇವನು ಹರಿಗೋಲು ನಡೆಸೋನು ಒಬ್ಬೊಬ್ಬನ್ನೇ ಆಚಿಗ್‌ ಕರ್ಯಂಡ್ಹೋಗಿ ಬಿಟ್‌ಬಿಟ್ಟ.
ಚಿಕ್ಕವ್ಳ ಬಾಳ ಸುಂದರವಾಗಿದ್ದು. ನಡು ಸಮುದ್ರದ ಮ್ಯಾಲಿಡ್ಕಬಿಟ್ಟ. ಇಡ್ಕಂಬಿಟ್ರೇ, ಇವನು
ಹುಟ್ಟಿದ್ದೂ, ಇವ್ನ ಬೆಳದಿದ್ದೆಲ್ಲ ಈಯಮ್ಮ ಹೇಳ್ತಳೆ. ...",0.004761904761904762,0.0,0.0,0.0,0.004761904761904762,0.0,0.0,0.0,0.009523809523809525,0.0,sanctity.virtue,2
216,"216 ಜನಪದ ಕಥೆಗಳು
ನನ್ನೆ € ಲಗ್ನ ವಾಗಬೇಕು ಯೇಳಿ- ನೀನು ಹಠವನ್ನು ಹಿಡಿದು ಛಲವನ್ನು ಮಾಡಿದೆ.
ಪಾಪಿಯಾಗಿರತಕ್ಕಂಥಾ ನೀನು ಇರಬಾರದು. ಅಕ್ಕತಂಗಿಯರಿಗೆ ಆಸೆಬಿದ್ದವನು ನೀನು
ಭೂಮಿ ತಿರುಗಲೇಬೇಡ. ಹೊಳೇ ದಿಂಡೇ ಸುಣ್ಣದ ಗೂಡಾಗು''
ಅಂತ್ಹೇಳಿಬಿಟ್ಟು ...",0.0,0.0,0.0,0.0,0.0,0.0,0.0,0.0,0.0,0.006896551724137931,sanctity.vice,1
217,"ಶೆಟವಿ ಕಥೆ 217
ಶಟವಿಯ ದೇವಸ್ಥಾನಗಳಿಲ್ಲ. ಶಟಕವ್ವನ ಪೂಜೆಯನ್ನು ಕೂಸು ಹುಟ್ಟಿದ
ದಿನ, ಹುಟ್ಟಿದ ಐದು ದಿನಕ್ಕೆ, ಹದಿಮೂರು ದಿನಕ್ಕೆ, ಇಲ್ಲವೇ ತಿಂಗಳಿಗೊಮ್ಮೆ
ಇವುಗಳಲ್ಲಿ ಯಾವುದಾದರೊಂದು ಮಾಡುತ್ತಾರೆ. ಹಾಗೆ ಮಾಡುವಾಗ ಗೋಡೆಯ
ಮನುಷ್ಯಾಕೃತಿಯಂತೆ,...",0.0,0.0,0.0,0.0,0.0,0.0,0.0,0.0,0.0,0.0,,0
218,"218 ಕ ಜನಪದ ಕಥೆಗಳು
ದೊಡ್ಡೋಕಿ ಆಗತ್ಸೆ, ಬಾಳ ವಯಸ್ಸಾದ್ರು ಸರಿ. ಲಗ್ನ ಇಕಿದೇನ್‌ ಸುಳ್ಳು
ಆಗತದೋ ಖರೆ ಆಗತದೊ ನೋಡ್ಬಕು'' ಮನಸ್ನಾಗೆ ಅಂದ್ಯಂಡ. ಯಾರಿಗೂ
ಹೇಳಿಲ್ಲ.
ಆಮ್ಯಾಲೆ ಇವ್ಳು """"ನಾನು ಅದೆ ಹುಡ್ಗೀನ ಸೈ ಮದುವಿ ಆಗೋದು'' ಹೇಳ್ದ.
ಬ್ಯಾಡಪ್...",0.0,0.0,0.0,0.008547008547008548,0.0,0.0,0.0,0.0,0.0,0.0,fairness.vice,2
219,"ಶೆಟವಿ ಕಥೆ 219
ಸೊಕ್ಕಿಲೆ ಮಾಡಿದಾಳೆ ಅನಸ್ತಿತ್ತು. ನಾ ಕೇಳಿದ್ದಲ್ಲ? ಪತಿವ್ರತ ಹಾನಿ
ಮಾಡಗೊಡಬಾರ್ದು, ಅಂತೇಳಿ ನಾನ ಲಗ್ನಾಗಿ, ಇಷ್ಟೆಲ್ಲ ಸಿಂಗ್ಯಾನ ಡ್ರಸ್‌ ಹಕ್ಕೆಂದ್‌
ಬಂದೆ. ನಡಿ ನಡಿ ಮನಿಗೆ ಅಂತಂದು ಕರಕಂಡ್‌ ಗಂಡಹೆಂಡ್ರು ಚನ್ನಾಗಿರ್ತಾರೆ...",0.005681818181818182,0.005681818181818182,0.0,0.0,0.0,0.0,0.0,0.0,0.0,0.0,care.virtue,1
220,"220 ಜನಪದ ಕಥೆಗಳು
ತೆಗೆದುಕೊಳ್ಳಿ ಸ್ವಾಮಿ'' ಅಂತೇಳಿ ತನ್ನ ಮುತ್ತಿನ ಸೆಂರಗಿನಲ್ಲಿದ್ದಂಥ ಹಣವನ್ನು
ಬಿಚ್ಚಿ ತನ್ನ ಪತಿ ಕೈಲಿ ಕೊಟ್ಲು. ಆವಾಗ ಸೋಮಯ್ಯ ಹಣವನ್ನು ತೆಗೆದುಕೊಂಡು ಅಂಗಡಿ
ಸಾಲಿಗೆ ಬಂದ. ಕಾಸು ವಿಷ ತಗೊಂಡು ಮನೆಗೆ ಬಂದ.
ಮನೆಗೆ ತನ್ನ ...",0.008928571428571428,0.008928571428571428,0.0,0.0,0.0,0.0,0.0,0.0,0.0,0.0,care.virtue,2
